Date & Time,Date,Time,Duration (Second),Delta,T_X+,T_X-,T_Y+,T_Y-,T_Z+,T_Z-,T_Mid,CSS_XP,CSS_XM,CSS_YP,CSS_YM,CSS_ZP,CSS_ZM,I_QF_0,I_QF_1,I_QF_2,I_QF_3,I_QF_4,I_QF_5,I_QF_6,I_QF_7,T_TTC-B,ITemp0,ITemp1,I_UMPB,U_UMPB,U_UMBB,I_Block1,I_TTCA,I_TTCB,XAngVel,XAng,XSpeed,YAngVel,YAng,YSpeed,ZAngVel,ZAng,ZSpeed,RA_YM,DE_YM,AZ_YM,Diff_RA,Diff_DE,Diff_AZ
5/20/2018 0:00,20/05/2018,0:00:49,0,0,-0.46,-7.3,-9.25,-7.3,-5.34,-7.3,-1.43,0,0,0,0,0,0,47.73,44.73,130.71,345.58,208.4,96.55,26.61,19.14,4.43,2.48,4.43,1134.42,15.49,15.49,417.72,101.12,103.93,-0.003815,0.1,83.2,-0.001907,0.27,5212.2,-0.000954,0.15,932.8,119.2,-13.88,39.37,-7.17,6.47,172.8
5/20/2018 0:02,20/05/2018,0:02:50,120,120,-1.43,-7.3,-9.25,-7.3,-5.34,-7.3,-1.43,0,0,0,0,0,0,47.73,44.73,134.63,347.53,200.55,96.55,26.61,19.14,2.48,0.52,4.43,1123.1,15.49,15.46,417.72,101.12,103.93,0,0.1,83,-0.001907,0.27,5212.5,-0.000954,0.15,937,119.18,-13.91,39.36,-7.15,6.49,165.22
5/20/2018 0:04,20/05/2018,0:04:49,240,120,-1.92,-7.3,-11.21,-7.3,-5.83,-7.3,-1.43,0,0,0,0,0,0,47.73,44.73,130.71,347.53,212.32,100.47,26.61,17.88,2.48,0.52,4.43,1145.75,15.49,15.46,417.72,101.12,103.93,0.002861,0.1,83.2,-0.002861,0.27,5213.9,0.001907,0.15,940.8,119.15,-13.92,39.34,-7.11,6.51,157.64
5/20/2018 0:06,20/05/2018,0:06:50,360,120,-2.9,-7.3,-9.25,-7.3,-6.32,-7.3,-1.43,0,0,0,0,0,0,47.73,44.73,146.4,347.53,204.47,96.55,26.61,17.88,2.48,0.52,4.43,1134.42,15.63,15.44,417.72,101.12,103.93,0,0.11,81.6,-0.001907,0.28,5216.9,0.000954,0.15,943.5,119.14,-13.95,39.33,-7.11,6.53,150.06
5/20/2018 0:08,20/05/2018,0:08:50,480,120,-3.39,-8.27,-11.21,-9.25,-6.32,-8.76,-1.43,0,0,0,0,0,0,47.73,44.73,130.71,345.58,208.4,96.55,26.61,17.88,2.48,0.52,4.43,1134.42,15.49,15.44,417.72,101.12,103.93,0.001907,0.11,83.1,0,0.28,5215.9,-0.001907,0.15,948.1,119.1,-13.98,39.32,-7.06,6.56,142.48
5/20/2018 0:10,20/05/2018,0:10:49,600,120,-3.88,-8.76,-11.21,-9.25,-6.81,-8.76,-1.43,0,0,0,0,0,0,43.8,44.73,138.55,347.53,196.63,96.55,26.61,19.14,2.48,0.52,4.43,1134.42,15.49,15.44,427.21,101.12,105.88,-0.003815,0.1,83,-0.001907,0.27,5216.4,0,0.15,951.6,119.06,-14,39.31,-7.02,6.59,134.9
5/20/2018 0:12,20/05/2018,0:12:50,720,120,-4.36,-8.76,-8.27,-11.21,-7.3,-9.25,0.03,0,0,0,0,0,0,47.73,44.73,142.48,347.53,200.55,100.47,26.61,19.14,0.52,0.52,4.43,1157.07,15.49,15.42,427.21,101.12,103.93,-0.001907,0.1,83.9,-0.000954,0.27,5216.8,0,0.15,953.3,119.04,-13.99,39.29,-7,6.58,127.33
5/20/2018 0:14,20/05/2018,0:14:49,840,120,-5.34,-9.25,-11.21,-9.25,-7.3,-9.25,-3.39,0,0,0,0,0,0,47.73,44.73,130.71,347.53,192.71,96.55,26.61,17.88,0.52,0.52,2.48,1111.78,15.49,15.42,408.23,101.12,103.93,-0.004768,0.1,84.8,-0.002861,0.27,5217.5,-0.000954,0.15,958.6,118.99,-14.04,39.26,-6.95,6.62,119.76
5/20/2018 0:16,20/05/2018,0:16:49,960,120,-5.83,-9.25,-11.21,-9.25,-7.3,-9.74,-3.39,0,0,0,0,0,0,47.73,44.73,158.16,347.53,212.32,92.62,26.61,19.14,0.52,0.52,2.48,1157.07,15.49,15.39,446.19,101.12,105.88,0.006676,0.11,83.8,-0.000954,0.27,5220.3,-0.003815,0.15,960.2,118.98,-14.05,39.24,-6.94,6.63,112.19
5/20/2018 0:18,20/05/2018,0:18:50,1080,120,-6.32,-9.74,-11.21,-11.21,-7.3,-10.23,-3.39,0,0,0,0,0,0,43.8,44.73,130.71,347.53,208.4,100.47,26.61,17.88,0.52,0.52,1.5,1145.75,15.3,15.39,417.72,101.12,103.93,0.002861,0.1,83,0.002861,0.27,5221.7,0.000954,0.15,966.5,118.94,-14.11,39.23,-6.9,6.7,104.6
5/20/2018 0:20,20/05/2018,0:20:49,1200,120,-6.81,-9.74,-11.21,-9.25,-7.3,-10.72,-3.39,275.69,0,0,90.09,0,0,671.28,75.95,158.16,339.73,196.63,96.55,26.61,19.14,-0.46,2.48,1.01,1893.04,15.87,15.8,-123.24,101.12,105.88,-0.004768,0.1,85.3,-0.001907,0.27,5224.2,-0.001907,0.15,968.2,118.93,-14.13,39.2,-6.88,6.71,97.04
5/20/2018 0:22,20/05/2018,0:22:50,1320,120,-5.83,-10.72,-11.21,-9.25,-7.3,-10.72,-3.39,277.66,0,0,91.57,1.48,0,663.43,75.95,126.79,339.73,200.55,100.47,26.61,17.88,-1.43,4.43,1.5,1859.07,16.01,15.85,-142.22,101.12,107.83,-0.001907,0.11,88.3,0.001907,0.28,5225.2,0,0.15,970.3,118.89,-14.15,39.2,-6.84,6.74,89.45
5/20/2018 0:24,20/05/2018,0:24:50,1440,120,-5.34,-10.23,-11.21,-9.25,-7.3,-11.21,-3.39,281.6,0,0.49,94.52,6.89,0,659.51,75.95,134.63,337.78,208.4,104.39,26.61,19.14,-1.43,4.43,1.5,1893.04,15.87,15.87,-151.71,101.12,103.93,0.003815,0.11,93.4,0,0.27,5225,0.004768,0.15,975,118.85,-14.19,39.17,-6.8,6.78,81.89
5/20/2018 0:26,20/05/2018,0:26:49,1560,120,-4.36,-10.23,-11.21,-7.3,-6.81,-11.21,-3.39,283.56,1.48,2.46,100.43,21.17,0,659.51,75.95,126.79,337.78,220.16,96.55,26.61,19.14,-1.43,4.43,1.5,1870.39,15.87,15.89,-189.68,101.12,105.88,0.005722,0.11,96.2,0.004768,0.27,5222.9,0,0.15,978.2,118.84,-14.23,39.15,-6.79,6.82,74.32
5/20/2018 0:28,20/05/2018,0:28:50,1680,120,-3.39,-10.23,-13.16,-7.3,-6.32,-11.21,-3.39,281.6,8.86,6.4,107.81,38.4,0,655.59,75.95,134.63,335.82,204.47,96.55,26.61,19.14,-1.43,4.43,1.5,1859.07,15.97,15.94,-237.13,101.12,103.93,0,0.1,99.7,0,0.28,5220,-0.000954,0.15,981.8,118.82,-14.25,39.11,-6.77,6.84,66.75
5/20/2018 0:30,20/05/2018,0:30:49,1800,120,-2.9,-10.72,-11.21,-7.3,-5.83,-11.21,-3.39,278.64,23.63,11.32,115.2,55.14,0.49,655.59,75.95,126.79,335.82,196.63,96.55,26.61,19.14,-0.46,6.39,2.48,1847.75,15.97,15.97,-294.07,101.12,105.88,-0.002861,0.11,107.5,-0.001907,0.27,5216.2,0,0.15,986.1,118.81,-14.27,39.07,-6.76,6.85,59.2
5/20/2018 0:32,20/05/2018,0:32:49,1920,120,-1.92,-10.23,-11.21,-3.39,-5.34,-11.21,-3.39,276.18,43.32,15.26,122.58,69.41,0.98,655.59,75.95,138.55,335.82,208.4,92.62,26.61,19.14,-1.43,6.39,2.48,1870.39,15.97,15.94,-332.03,101.12,107.83,0.001907,0.11,114.2,0,0.28,5210.3,0.001907,0.15,991.8,118.78,-14.29,39.04,-6.73,6.88,51.64
5/20/2018 0:34,20/05/2018,0:34:10,2000,80,-1.43,-10.23,-11.21,-3.39,-4.85,-11.21,-3.39,274.7,56.61,17.72,126.52,73.85,1.48,655.59,75.95,150.32,335.82,208.4,104.39,26.61,19.14,-0.46,4.43,2.48,1881.71,16.06,15.99,-294.07,101.12,107.83,0,0.11,119.3,0.000954,0.27,5203.7,0.002861,0.15,995.1,118.76,-14.3,39.04,-6.71,6.89,46.58
5/20/2018 0:36,20/05/2018,0:36:09,2120,120,-0.94,-10.23,-11.21,-3.39,-4.36,-11.21,-3.39,272.73,76.8,20.68,130.95,73.35,3.94,655.59,75.95,126.79,335.82,200.55,96.55,26.61,19.14,-1.43,4.43,4.43,1847.75,16.06,15.99,-275.09,101.12,105.88,-0.001907,0.11,122.4,0.000954,0.27,5196.9,-0.001907,0.16,1003,118.75,-14.33,38.99,-6.7,6.92,39.04
5/20/2018 0:38,20/05/2018,0:38:09,2240,120,0.52,-9.74,-11.21,-3.39,-3.39,-11.21,-3.39,271.75,88.12,21.17,128.49,55.63,8.37,655.59,75.95,154.24,335.82,204.47,96.55,26.61,19.14,-1.43,4.43,4.43,1870.39,16.06,16.06,-275.09,101.12,107.83,-0.002861,0.11,125.4,-0.003815,0.27,5191.9,-0.002861,0.15,1011.1,118.74,-14.35,38.96,-6.68,6.94,31.47
5/20/2018 0:40,20/05/2018,0:40:10,2360,120,0.52,-9.25,-11.21,-1.43,-3.39,-11.21,-3.39,271.75,78.28,21.17,120.61,39.38,11.32,655.59,75.95,126.79,335.82,196.63,96.55,26.61,19.14,-1.43,4.43,4.43,1836.42,16.06,16.06,-265.6,101.12,105.88,-0.005722,0.11,128.6,0.001907,0.28,5187.9,-0.000954,0.15,1016.7,118.74,-14.36,38.94,-6.68,6.94,23.9
5/20/2018 0:42,20/05/2018,0:42:09,2480,120,1.01,-9.25,-11.21,0.03,-2.9,-11.21,-3.39,271.75,55.63,18.71,116.68,26.09,13.29,655.59,75.95,146.4,335.82,204.47,100.47,26.61,19.14,0.52,4.43,4.43,1847.75,16.06,16.06,-256.11,101.12,107.83,-0.002861,0.11,129.9,0.001907,0.27,5186.3,0.000954,0.15,1021,118.73,-14.35,38.91,-6.67,6.93,16.34
5/20/2018 0:44,20/05/2018,0:44:10,2600,120,1.5,-8.76,-11.21,0.52,-2.9,-10.72,-3.39,271.75,46.28,12.31,121.6,16.74,14.28,655.59,75.95,126.79,335.82,192.71,100.47,26.61,19.14,0.52,4.43,4.43,1847.75,16.06,16.06,-256.11,101.12,103.93,-0.000954,0.11,129,-0.005722,0.27,5187.2,0.001907,0.15,1029.3,118.7,-14.38,38.89,-6.64,6.97,8.77
5/20/2018 0:46,20/05/2018,0:46:10,2720,120,1.5,-8.76,-11.21,0.52,-2.9,-10.72,-3.39,271.75,37.91,11.32,115.69,17.72,13.29,655.59,75.95,134.63,335.82,208.4,100.47,26.61,19.14,0.52,4.43,4.43,1870.39,16.06,15.99,-237.13,101.12,107.83,0.000954,0.11,127.9,0.001907,0.27,5188.8,0.000954,0.16,1036.6,118.68,-14.4,38.85,-6.62,6.99,1.21
5/20/2018 0:48,20/05/2018,0:48:09,2840,120,1.99,-8.27,-8.27,0.52,-2.9,-10.23,-1.92,271.75,65.97,15.26,119.63,15.75,19.2,655.59,75.95,134.63,335.82,204.47,96.55,26.61,19.14,0.52,4.43,4.43,1847.75,16.06,16.06,-246.62,101.12,105.88,0.000954,0.11,125.1,0.003815,0.27,5191,-0.000954,0.15,1043.9,118.68,-14.41,38.86,-6.62,7,-6.39
5/20/2018 0:50,20/05/2018,0:50:10,2960,120,2.48,-7.3,-9.25,0.52,-2.41,-9.74,-3.39,271.75,34.46,12.31,106.34,4.92,30.03,655.59,75.95,134.63,335.82,204.47,100.47,26.61,19.14,0.52,6.39,4.43,1870.39,16.06,15.99,-218.15,101.12,107.83,0.001907,0.11,123.9,-0.001907,0.27,5193.2,0.000954,0.16,1047.9,118.68,-14.41,38.86,-6.62,7,-13.98
5/20/2018 1:06,20/05/2018,1:06:10,3920,960,4.92,-6.81,-9.25,4.43,-1.92,-7.3,-1.43,274.21,13.29,5.42,107.32,0.49,26.09,655.59,75.95,138.55,335.82,208.4,96.55,26.61,19.14,3.94,7.85,5.41,1870.39,16.06,16.06,-189.68,101.12,107.83,0.003815,0.11,125.3,-0.004768,0.27,5206.1,-0.000954,0.15,1055.4,118.68,-14.41,38.86,-6.61,7,-74.72
5/20/2018 1:08,20/05/2018,1:08:09,4040,120,5.41,-6.81,-9.25,4.43,-1.92,-6.32,-1.43,278.15,9.35,7.38,107.32,0.49,33.97,655.59,75.95,134.63,335.82,204.47,100.47,26.61,19.14,2.48,6.39,6.39,1859.07,16.06,16.06,-189.68,101.12,105.88,-0.000954,0.11,129,0.001907,0.28,5209,0.000954,0.16,1055.1,118.68,-14.41,38.86,-6.61,7,-82.32
5/20/2018 1:10,20/05/2018,1:10:10,4160,120,5.9,-6.81,-9.25,4.43,-1.92,-5.83,-1.43,280.12,2.95,5.91,103.88,0.49,26.09,655.59,75.95,130.71,335.82,200.55,96.55,26.61,19.14,2.48,7.36,6.39,1847.75,16.06,15.99,-189.68,101.12,105.88,-0.003815,0.11,131.3,0,0.27,5208.3,0,0.15,1056,118.68,-14.41,38.86,-6.6,7,-89.91
5/20/2018 1:12,20/05/2018,1:12:10,4280,120,6.39,-6.32,-9.25,4.43,-1.92,-5.34,-1.43,277.66,0,2.46,99.44,0.49,11.32,655.59,75.95,134.63,335.82,208.4,96.55,26.61,19.14,4.43,6.39,6.39,1859.07,16.06,15.99,-180.19,101.12,105.88,0.001907,0.11,135.9,0.000954,0.27,5205.2,-0.000954,0.15,1058.3,118.68,-14.41,38.86,-6.6,7,-97.5
5/20/2018 1:14,20/05/2018,1:14:09,4400,120,6.39,-6.81,-9.25,4.43,-1.92,-5.34,-1.43,273.72,0,0.49,95.51,0.49,2.46,655.59,75.95,126.79,335.82,200.55,96.55,26.61,19.14,4.43,8.34,6.39,1847.75,16.06,15.99,-161.2,101.12,107.83,-0.002861,0.11,140.2,0.000954,0.27,5201.2,0,0.15,1061.7,118.68,-14.41,38.86,-6.6,7,-105.09
5/20/2018 1:16,20/05/2018,1:16:10,4520,120,6.88,-6.81,-9.25,4.43,-1.92,-5.34,-0.46,270.27,0,0,93.54,0.49,0.49,655.59,75.95,134.63,335.82,196.63,100.47,26.61,19.14,4.43,8.34,8.34,1847.75,16.06,15.99,-161.2,101.12,103.93,-0.002861,0.11,145.8,-0.000954,0.27,5194.8,0.001907,0.16,1066.9,118.68,-14.41,38.86,-6.6,7,-112.69
5/20/2018 1:18,20/05/2018,1:18:09,4640,120,6.88,-6.81,-9.25,4.43,-1.92,-5.83,-1.43,268.8,0,0,92.55,0.49,0,655.59,75.95,134.63,337.78,204.47,100.47,26.61,19.14,4.43,8.34,8.34,1859.07,16.06,15.99,-151.71,101.12,105.88,0,0.11,146.5,0.000954,0.27,5188.5,0.001907,0.15,1070.4,118.68,-14.41,38.86,-6.6,7,-120.28
5/20/2018 1:20,20/05/2018,1:20:09,4760,120,6.88,-6.81,-9.25,4.43,-1.92,-5.83,-0.46,12.31,0,0,3.94,0,0,679.12,77.9,138.55,349.48,196.63,100.47,26.61,19.14,4.43,6.39,8.34,1893.04,15.49,15.42,683.45,101.12,103.93,-0.006676,0.11,149.1,-0.000954,0.27,5183.3,0,0.16,1076.8,118.68,-14.41,38.86,-6.6,7,-127.87
5/20/2018 1:22,20/05/2018,1:22:10,4880,120,6.39,-6.81,-9.25,2.48,-1.92,-6.81,-0.46,0,0,0,0,0,0,679.12,77.9,142.48,351.43,208.4,96.55,26.61,17.88,5.9,7.85,8.34,1904.36,15.3,15.32,673.96,101.12,103.93,-0.001907,0.11,149.2,0.000954,0.27,5179.5,-0.002861,0.15,1081.2,118.68,-14.41,38.86,-6.6,7,-135.47
5/20/2018 1:24,20/05/2018,1:24:09,5000,120,5.41,-6.81,-9.25,0.52,-2.41,-5.83,-0.46,0,0,0,0,0,0,47.73,44.73,134.63,345.58,208.4,100.47,26.61,19.14,4.43,4.43,6.39,1134.42,15.49,15.51,417.72,101.12,103.93,0.001907,0.11,150.2,-0.001907,0.27,5174.5,0.002861,0.16,1082.9,118.68,-14.41,38.86,-6.59,7,-143.06
5/20/2018 1:26,20/05/2018,1:26:10,5120,120,4.43,-6.81,-9.25,0.52,-2.9,-6.32,0.52,0,0,0,0,0,0.49,47.73,44.73,134.63,345.58,204.47,96.55,26.61,19.14,4.43,4.43,6.39,1134.42,15.49,15.51,427.21,101.12,103.93,0.001907,0.11,150.4,0.006676,0.27,5172.7,-0.000954,0.15,1085.6,118.68,-14.41,38.86,-6.59,7,-150.65
5/20/2018 1:28,20/05/2018,1:28:10,5240,120,2.97,-6.81,-9.25,-3.39,-3.39,-6.32,-0.46,0,0,0,0,0,0,43.8,44.73,162.08,347.53,208.4,100.47,26.61,19.14,4.43,4.43,5.41,1157.07,15.49,15.49,427.21,101.12,103.93,0,0.11,151.7,0.001907,0.27,5171.6,0.000954,0.15,1088.2,118.26,-14.71,38.61,-6.17,7.3,-158
5/20/2018 1:30,20/05/2018,1:30:09,5360,120,1.99,-7.3,-9.25,-3.39,-3.88,-6.32,-1.43,0,0,0,0,0,0,47.73,44.73,130.71,347.53,204.47,100.47,26.61,19.14,4.43,4.43,4.92,1123.1,15.49,15.49,408.23,101.12,107.83,-0.002861,0.11,151.1,0.000954,0.27,5169.4,-0.000954,0.15,1094,118.23,-14.75,38.62,-6.14,7.34,-165.6
5/20/2018 1:32,20/05/2018,1:32:10,5480,120,1.01,-7.3,-9.25,-3.39,-4.36,-6.81,-1.43,0,0,0,0,0,0,47.73,44.73,142.48,347.53,208.4,96.55,26.61,19.14,4.43,2.48,4.92,1145.75,15.49,15.49,417.72,101.12,103.93,-0.000954,0.11,152.1,0.002861,0.27,5169.4,-0.001907,0.16,1098.3,118.21,-14.79,38.6,-6.12,7.38,-173.18
5/20/2018 1:34,20/05/2018,1:34:09,5600,120,0.52,-7.3,-11.21,-5.34,-4.85,-6.81,-1.43,0,0,0,0,0,0,47.73,44.73,130.71,347.53,196.63,96.55,26.61,19.14,4.43,0.52,4.43,1123.1,15.49,15.49,408.23,101.12,103.93,-0.002861,0.11,150.3,-0.000954,0.27,5170.4,-0.000954,0.15,1103.1,118.18,-14.83,38.61,-6.08,7.41,179.23
5/20/2018 1:36,20/05/2018,1:36:09,5720,120,-0.94,-7.3,-11.21,-7.3,-5.34,-7.3,-1.43,0,0,0,0,0,0,47.73,44.73,138.55,347.53,208.4,96.55,26.61,17.88,4.43,0.52,4.43,1145.75,15.49,15.46,417.72,101.12,103.93,0.001907,0.11,152.5,-0.000954,0.27,5169.4,-0.001907,0.16,1106.9,118.15,-14.85,38.61,-6.05,7.44,171.63
5/20/2018 1:38,20/05/2018,1:38:10,5840,120,-1.43,-7.3,-11.21,-7.3,-5.83,-7.3,-1.43,0,0,0,0,0,0,47.73,44.73,130.71,347.53,204.47,100.47,26.61,19.14,3.94,3.94,4.43,1134.42,15.49,15.44,408.23,101.12,103.93,-0.000954,0.11,150.6,0,0.27,5170.3,-0.000954,0.15,1110.8,118.12,-14.87,38.6,-6.02,7.45,164.05
5/20/2018 1:40,20/05/2018,1:40:09,5960,120,-2.41,-7.3,-10.23,-7.3,-6.32,-7.3,-2.9,0,0,0,0,0,0,47.73,44.73,130.71,347.53,200.55,104.39,26.61,17.88,2.48,2.48,4.43,1134.42,15.49,15.44,417.72,101.12,103.93,-0.002861,0.11,153,-0.000954,0.27,5169.3,0.002861,0.15,1114,118.09,-14.89,38.59,-5.99,7.48,156.46
5/20/2018 1:42,20/05/2018,1:42:10,6080,120,-2.9,-8.27,-11.21,-7.3,-6.81,-7.3,-1.43,0,0,0,0,0,0,47.73,44.73,130.71,347.53,208.4,100.47,26.61,17.88,2.48,0.52,4.43,1134.42,15.49,15.44,417.72,101.12,103.93,0.003815,0.11,152.2,-0.001907,0.27,5171.1,0,0.15,1120.3,118.04,-14.93,38.59,-5.94,7.52,148.87
5/20/2018 1:44,20/05/2018,1:44:10,6200,120,-3.39,-8.27,-11.21,-9.25,-6.81,-8.27,-1.43,0,0,0,0,0,0,47.73,44.73,126.79,347.53,212.32,100.47,26.61,19.14,2.48,0.52,4.43,1145.75,15.49,15.42,417.72,101.12,103.93,0.000954,0.11,154,0.000954,0.27,5171.8,0.000954,0.15,1121.2,118.01,-14.93,38.57,-5.91,7.52,141.3
5/20/2018 1:46,20/05/2018,1:46:09,6320,120,-4.36,-8.76,-11.21,-9.25,-7.3,-8.76,-1.43,0,0,0,0,0,0,47.73,44.73,162.08,347.53,196.63,96.55,26.61,17.88,2.48,0.52,4.43,1157.07,15.49,15.42,427.21,101.12,107.83,-0.000954,0.11,152.7,-0.002861,0.27,5172.8,0.000954,0.16,1125.1,117.98,-14.96,38.55,-5.88,7.54,133.73
5/20/2018 1:48,20/05/2018,1:48:10,6440,120,-4.85,-8.76,-11.21,-9.25,-7.3,-9.25,-1.43,0,0,0,0,0,0,47.73,44.73,130.71,347.53,196.63,104.39,26.61,19.14,0.52,0.52,4.43,1123.1,15.49,15.37,417.72,103.07,103.93,-0.002861,0.11,156.9,-0.001907,0.27,5172.7,0.000954,0.15,1130.1,117.93,-14.99,38.53,-5.82,7.58,126.15
5/20/2018 1:50,20/05/2018,1:50:09,6560,120,-5.34,-9.25,-11.21,-11.21,-7.3,-9.25,-3.39,0,0,0,0,0,0,47.73,44.73,134.63,349.48,208.4,96.55,26.61,17.88,0.52,0.52,2.48,1134.42,15.49,15.42,417.72,101.12,103.93,0.000954,0.11,159.8,0.000954,0.27,5174.1,-0.002861,0.16,1134.4,117.88,-15,38.5,-5.78,7.59,118.58
5/20/2018 1:52,20/05/2018,1:52:09,6680,120,-5.83,-9.25,-11.21,-11.21,-7.3,-9.74,-3.39,0,0,0,0,0,0,47.73,44.73,130.71,349.48,208.4,104.39,26.61,17.88,0.52,0.52,1.5,1145.75,15.49,15.39,408.23,101.12,103.93,0.000954,0.11,160.4,0,0.27,5177.7,0.001907,0.15,1134.4,117.87,-14.99,38.51,-5.76,7.58,110.99
5/20/2018 1:54,20/05/2018,1:54:10,6800,120,-6.81,-9.74,-11.21,-11.21,-8.27,-10.23,-3.39,271.75,0,0,92.06,5.91,0,47.73,44.73,134.63,335.82,196.63,96.55,26.61,19.14,0.52,0.52,1.01,1134.42,15.97,15.94,-379.49,101.12,107.83,-0.001907,0.11,161.3,-0.001907,0.27,5181,-0.001907,0.16,1138.4,117.83,-15,38.51,-5.72,7.59,103.39
5/20/2018 1:56,20/05/2018,1:56:09,6920,120,-6.32,-9.74,-11.21,-11.21,-7.3,-10.72,-3.39,276.18,0,0,93.04,7.38,0,47.73,44.73,126.79,335.82,204.47,96.55,26.61,19.14,-1.43,0.52,1.01,1111.78,16.06,16.06,-379.49,101.12,105.88,0,0.11,161,0,0.27,5182.6,-0.000954,0.16,1141.3,117.82,-15.06,38.5,-5.7,7.65,95.81
5/20/2018 1:58,20/05/2018,1:58:10,7040,120,-5.83,-10.23,-13.16,-9.25,-7.3,-11.21,-3.39,279.63,0,0,94.52,11.32,0.49,43.8,44.73,134.63,335.82,208.4,92.62,26.61,19.14,-1.43,2.48,1.01,1123.1,16.06,16.06,-351.01,101.12,105.88,0.000954,0.11,162.3,0.001907,0.27,5184.2,-0.004768,0.16,1144.2,117.8,-15.07,38.46,-5.68,7.66,88.26
5/20/2018 1:59,20/05/2018,1:59:30,7120,80,-5.34,-10.23,-13.16,-9.25,-7.3,-11.21,-3.39,281.6,0,0.49,96.98,16.25,0,47.73,44.73,154.24,335.82,212.32,100.47,26.61,19.14,-1.43,4.43,1.01,1145.75,16.06,16.06,-341.52,101.12,105.88,0,0.11,164.4,0.004768,0.28,5184.4,-0.000954,0.16,1145.9,117.79,-15.09,38.45,-5.67,7.68,83.21
5/20/2018 2:01,20/05/2018,2:01:29,7240,120,-4.36,-10.23,-13.16,-7.3,-7.3,-11.21,-3.39,284.06,1.48,2.46,102.4,33.48,0,663.43,75.95,126.79,337.78,212.32,100.47,26.61,19.14,-1.43,4.43,1.5,1870.39,15.87,15.92,-199.17,101.12,107.83,0.001907,0.11,169.6,0.001907,0.27,5182.3,0,0.16,1149,117.78,-15.14,38.41,-5.66,7.73,75.66
5/20/2018 2:03,20/05/2018,2:03:30,7360,120,-3.39,-10.72,-13.16,-5.34,-6.81,-11.21,-3.39,282.09,8.37,5.42,109.78,52.18,0,659.51,75.95,150.32,335.82,204.47,100.47,26.61,19.14,-1.43,4.43,1.5,1859.07,15.97,15.97,-246.62,101.12,107.83,-0.000954,0.11,173.8,-0.000954,0.27,5177.9,0,0.16,1155.3,117.75,-15.19,38.4,-5.63,7.77,68.07
5/20/2018 2:05,20/05/2018,2:05:30,7480,120,-2.9,-10.72,-15.12,-5.34,-6.81,-11.21,-3.39,279.63,22.15,10.34,117.17,71.38,0,659.51,75.95,126.79,335.82,212.32,100.47,26.61,19.14,-1.43,4.43,1.5,1870.39,15.97,15.97,-294.07,101.12,103.93,0.001907,0.11,179.4,0.002861,0.27,5172,-0.000954,0.16,1160.1,117.73,-15.22,38.38,-5.61,7.8,60.5
5/20/2018 2:07,20/05/2018,2:07:29,7600,120,-2.41,-10.72,-13.16,-3.39,-5.83,-11.21,-3.39,277.16,40.86,14.77,125.54,87.63,0.49,655.59,75.95,134.63,335.82,208.4,100.47,26.61,19.14,-1.43,6.39,2.48,1870.39,16.06,15.99,-294.07,101.12,107.83,0.002861,0.11,186.6,-0.001907,0.27,5165.5,0,0.16,1166.2,117.71,-15.24,38.36,-5.59,7.83,52.93
5/20/2018 2:09,20/05/2018,2:09:30,7720,120,-1.43,-10.23,-11.21,-3.39,-5.34,-11.21,-3.39,274.21,60.55,18.22,132.43,96.49,1.97,655.59,75.95,126.79,335.82,208.4,100.47,26.61,19.14,-1.43,4.43,2.48,1859.07,16.06,16.06,-294.07,101.12,107.83,0.001907,0.12,191.5,0.000954,0.27,5157.3,0,0.16,1172.3,117.7,-15.27,38.32,-5.58,7.86,45.37
5/20/2018 2:11,20/05/2018,2:11:29,7840,120,-0.94,-10.23,-11.21,-3.39,-4.85,-11.21,-3.39,272.73,81.23,20.18,134.89,96,4.92,655.59,75.95,134.63,335.82,216.24,100.47,26.61,19.14,-1.43,4.43,2.48,1870.39,16.06,16.06,-284.58,101.12,107.83,0.004768,0.11,193.6,0.000954,0.27,5151.5,0,0.16,1178.5,117.69,-15.29,38.28,-5.57,7.88,37.82
5/20/2018 2:13,20/05/2018,2:13:29,7960,120,0.52,-10.23,-11.21,-1.43,-4.36,-11.21,-3.39,272.24,84.68,17.72,133.91,78.77,8.86,655.59,75.95,126.79,333.87,220.16,100.47,26.61,19.14,-1.43,4.43,4.43,1870.39,16.06,16.06,-265.6,101.12,107.83,0.008583,0.11,196.7,0.001907,0.27,5144.8,-0.002861,0.16,1185.2,117.69,-15.31,38.25,-5.56,7.9,30.25
5/20/2018 2:15,20/05/2018,2:15:30,8080,120,0.52,-9.74,-11.21,-1.43,-3.39,-11.21,-3.39,271.75,67.94,13.78,129.47,59.08,12.8,655.59,75.95,130.71,335.82,204.47,100.47,26.61,19.14,-1.43,4.43,4.43,1870.39,16.06,16.06,-265.6,101.12,107.83,0.001907,0.11,200.1,-0.001907,0.27,5142.4,0.000954,0.16,1195,117.66,-15.33,38.23,-5.53,7.92,22.68
5/20/2018 2:17,20/05/2018,2:17:29,8200,120,0.52,-9.25,-11.21,0.52,-3.39,-11.21,-3.39,271.75,58.58,13.29,125.54,55.63,13.29,655.59,75.95,134.63,335.82,200.55,104.39,26.61,19.14,-0.46,4.43,4.43,1893.04,16.06,15.99,-246.62,101.12,107.83,-0.003815,0.11,201.2,0.001907,0.27,5140.8,0.000954,0.17,1200.5,117.64,-15.33,38.22,-5.52,7.92,15.1
5/20/2018 2:19,20/05/2018,2:19:30,8320,120,1.5,-8.76,-11.21,0.52,-3.39,-11.21,-3.39,271.75,67.45,13.78,124.55,61.05,17.23,655.59,75.95,126.79,335.82,200.55,100.47,26.61,19.14,0.03,7.85,4.43,1847.75,16.06,15.99,-256.11,101.12,107.83,-0.001907,0.12,202.8,-0.000954,0.27,5141.3,-0.000954,0.16,1207.8,117.64,-15.36,38.17,-5.51,7.94,7.56
5/20/2018 2:21,20/05/2018,2:21:30,8440,120,1.5,-8.76,-11.21,0.52,-3.39,-10.23,-5.34,271.75,120.12,21.17,136.86,65.97,26.58,655.59,75.95,126.79,333.87,196.63,104.39,26.61,19.14,0.52,4.43,4.43,1859.07,16.06,16.06,-284.58,101.12,107.83,0.001907,0.11,201,-0.004768,0.27,5145.1,0.000954,0.16,1212.8,117.64,-15.35,38.12,-5.51,7.94,0.01
5/20/2018 2:23,20/05/2018,2:23:29,8560,120,2.48,-8.27,-11.21,2.48,-2.9,-9.74,-3.39,271.75,106.34,21.66,129.97,41.35,49.23,655.59,75.95,134.63,335.82,208.4,100.47,26.61,17.88,0.52,4.43,4.43,1870.39,16.06,16.06,-265.6,101.12,107.83,0.000954,0.11,198.5,0.000954,0.27,5148.4,0,0.17,1214.2,117.64,-15.35,38.12,-5.51,7.94,-7.58
5/20/2018 5:30,20/05/2018,5:30:10,19760,11200,1.5,-8.76,-11.21,0.52,-3.39,-10.23,-3.39,272.24,64,11.82,128.49,41.35,12.8,671.28,75.95,126.79,335.82,204.47,104.39,26.61,19.14,0.52,4.43,4.43,1904.36,16.06,15.99,-256.11,101.12,107.83,-0.000954,0.12,310.5,0.001907,0.27,5048.1,-0.000954,0.18,1535.8,115.78,-17.33,36.42,-3.52,9.92,5.45
5/20/2018 5:32,20/05/2018,5:32:10,19880,120,2.48,-8.27,-11.21,0.52,-3.39,-10.23,-3.39,272.73,62.03,12.31,122.09,30.52,25.11,659.51,75.95,126.79,335.82,196.63,108.31,26.61,19.14,0.52,4.43,4.43,1847.75,16.06,16.06,-256.11,103.07,107.83,-0.003815,0.12,308.7,-0.003815,0.27,5049.1,-0.002861,0.17,1541.8,115.78,-17.36,36.39,-3.53,9.95,-2.12
5/20/2018 5:34,20/05/2018,5:34:09,20000,120,2.97,-7.3,-11.21,2.48,-3.39,-9.74,-3.39,272.73,41.85,11.82,114.21,24.12,21.17,655.59,75.95,134.63,335.82,208.4,104.39,26.61,19.14,0.52,6.39,4.43,1870.39,16.06,15.99,-246.62,101.12,107.83,0.001907,0.12,306.3,0,0.27,5050.9,0,0.18,1546.5,115.78,-17.36,36.39,-3.52,9.95,-9.71
5/20/2018 5:36,20/05/2018,5:36:10,20120,120,2.97,-7.3,-11.21,2.48,-3.39,-9.25,-3.39,272.73,33.48,10.83,111.75,27.08,15.26,655.59,75.95,134.63,335.82,196.63,100.47,26.61,19.14,0.52,6.39,4.43,1859.07,16.06,15.99,-237.13,101.12,105.88,-0.005722,0.12,303.9,-0.000954,0.27,5052.8,-0.002861,0.18,1549.6,115.78,-17.36,36.39,-3.52,9.95,-17.3
5/20/2018 5:38,20/05/2018,5:38:09,20240,120,3.45,-7.3,-138.76,226.32,-3.39,-8.76,-1.43,272.24,87.63,19.2,122.09,26.58,31.01,655.59,75.95,134.63,335.82,216.24,104.39,26.61,22.29,2.48,227.27,6.39,11585.01,24.47,16.06,-256.11,1999.31,2002.12,-0.000954,0.12,304.1,-0.000954,0.27,5055,0,0.17,1549.1,115.78,-17.36,36.39,-3.52,9.95,-24.9
5/20/2018 5:40,20/05/2018,5:40:10,20360,120,3.45,-7.3,-11.21,4.43,-3.39,-8.27,-1.43,272.73,66.46,24.62,127.01,20.68,54.65,655.59,75.95,134.63,335.82,216.24,104.39,26.61,17.88,0.52,4.43,4.43,1893.04,16.06,16.06,-265.6,101.12,107.83,0.001907,0.12,302.4,-0.002861,0.26,5054.2,0,0.17,1550.5,115.78,-17.36,36.39,-3.52,9.95,-32.49
5/20/2018 5:42,20/05/2018,5:42:10,20480,120,4.43,-7.3,-11.21,4.43,-3.39,-7.3,-1.43,273.72,35.45,13.78,125.04,17.72,50.21,655.59,75.95,134.63,335.82,208.4,104.39,26.61,19.14,2.48,6.39,4.43,1859.07,16.06,16.06,-275.09,101.12,105.88,0.001907,0.12,302.5,0,0.27,5055.3,0.000954,0.17,1552.1,115.78,-17.36,36.39,-3.52,9.95,-40.08
5/20/2018 5:44,20/05/2018,5:44:09,20600,120,4.43,-6.81,-11.21,4.43,-3.39,-7.3,-1.43,274.7,18.22,9.35,109.29,16.74,28.06,655.59,75.95,150.32,335.82,200.55,100.47,26.61,19.14,2.48,6.39,4.43,1870.39,16.06,16.06,-218.15,101.12,105.88,0.003815,0.11,302,-0.004768,0.27,5055.5,-0.001907,0.17,1554.2,115.78,-17.36,36.39,-3.52,9.95,-47.68
5/20/2018 5:46,20/05/2018,5:46:10,20720,120,4.43,-6.81,-9.25,4.43,-3.39,-7.3,-1.43,273.72,20.68,10.34,108.8,16.25,25.11,655.59,75.95,134.63,335.82,208.4,108.31,26.61,17.88,2.48,6.39,4.43,1915.68,16.06,16.06,-208.66,101.12,107.83,0.002861,0.12,305.7,-0.000954,0.27,5058.6,0.002861,0.18,1552.7,115.78,-17.36,36.39,-3.52,9.95,-55.27
5/20/2018 5:48,20/05/2018,5:48:09,20840,120,4.92,-6.81,-9.25,4.43,-3.39,-6.81,-1.43,275.69,17.23,9.85,107.81,15.75,26.58,655.59,75.95,134.63,335.82,196.63,104.39,26.61,19.14,2.48,6.39,4.43,1847.75,16.06,16.06,-208.66,105.02,107.83,-0.003815,0.11,307.1,-0.002861,0.27,5059.4,0.000954,0.17,1552.8,115.78,-17.36,36.39,-3.51,9.95,-62.86
5/20/2018 5:50,20/05/2018,5:50:09,20960,120,5.41,-6.32,-9.25,4.43,-3.39,-6.32,-1.43,276.67,11.82,9.35,108.31,15.75,28.55,655.59,75.95,130.71,335.82,212.32,104.39,26.61,19.14,2.48,6.39,4.92,1859.07,16.06,15.99,-199.17,101.12,107.83,0.004768,0.11,308.8,0,0.27,5062.1,0,0.18,1554.1,115.78,-17.36,36.39,-3.51,9.95,-70.45
5/20/2018 5:52,20/05/2018,5:52:10,21080,120,5.41,-6.32,-9.25,4.43,-3.39,-5.83,-1.43,277.66,10.83,7.38,109.29,15.26,27.57,655.59,75.95,134.63,335.82,204.47,104.39,26.61,19.14,2.48,6.39,4.92,1859.07,16.06,16.06,-208.66,101.12,107.83,-0.000954,0.12,310.7,0.000954,0.27,5061.8,-0.002861,0.17,1556.3,115.78,-17.36,36.39,-3.51,9.95,-78.05
5/20/2018 5:54,20/05/2018,5:54:09,21200,120,5.9,-6.32,-9.25,4.43,-3.39,-5.34,-1.43,279.63,4.43,6.89,108.31,15.26,27.08,655.59,75.95,134.63,335.82,204.47,104.39,26.61,19.14,2.48,6.39,4.92,1870.39,16.06,16.06,-189.68,101.12,107.83,0,0.11,312,0,0.27,5061.6,-0.000954,0.17,1558.8,115.78,-17.36,36.39,-3.51,9.95,-85.64
5/20/2018 5:56,20/05/2018,5:56:10,21320,120,6.39,-6.32,-9.25,4.43,-3.39,-5.34,-1.43,279.63,0.49,3.45,104.86,15.26,14.28,655.59,75.95,126.79,335.82,204.47,104.39,26.61,19.14,2.48,6.39,5.41,1847.75,16.06,15.99,-189.68,101.12,107.83,-0.001907,0.11,314.1,0,0.27,5061.9,0,0.17,1558.4,115.78,-17.36,36.39,-3.51,9.95,-93.23
5/20/2018 5:58,20/05/2018,5:58:10,21440,120,6.39,-6.32,-9.25,4.43,-3.39,-5.34,-1.43,275.69,0,0.98,101.91,15.26,4.43,655.59,75.95,134.63,335.82,220.16,104.39,26.61,19.14,2.48,6.39,6.39,1881.71,16.06,15.99,-180.19,101.12,105.88,0.006676,0.12,318.2,0.000954,0.27,5059.5,0.001907,0.17,1561.8,115.78,-17.36,36.39,-3.51,9.95,-100.83
5/20/2018 6:00,20/05/2018,6:00:09,21560,120,6.88,-6.32,-9.25,4.43,-3.39,-5.34,-1.43,271.75,0,0,99.44,15.26,0.98,655.59,75.95,134.63,335.82,192.71,104.39,26.61,17.88,4.43,6.39,6.39,1847.75,16.06,15.99,-161.2,101.12,107.83,-0.006676,0.11,319.5,-0.001907,0.27,5058.1,0,0.17,1564.3,115.78,-17.36,36.39,-3.51,9.95,-108.42
5/20/2018 6:02,20/05/2018,6:02:10,21680,120,6.39,-6.32,-9.25,4.43,-3.39,-5.34,-0.46,269.78,0,0,98.46,15.26,0,655.59,75.95,134.63,335.82,208.4,104.39,26.61,19.14,4.43,6.39,6.39,1904.36,16.06,15.99,-161.2,101.12,107.83,0,0.12,322.1,0.000954,0.27,5052.4,0.001907,0.17,1567,115.78,-17.36,36.39,-3.51,9.95,-116.01
5/20/2018 6:04,20/05/2018,6:04:09,21800,120,6.88,-6.81,-9.25,4.43,-2.9,-5.83,-0.46,267.81,0,0,96.98,14.77,0,655.59,75.95,126.79,335.82,200.55,104.39,26.61,19.14,5.9,7.85,6.39,1847.75,16.06,15.99,-161.2,101.12,103.93,-0.000954,0.11,321.2,-0.000954,0.27,5047,0,0.17,1570.1,115.78,-17.36,36.39,-3.5,9.95,-123.6
5/20/2018 6:06,20/05/2018,6:06:09,21920,120,6.88,-6.32,-9.25,4.43,-3.39,-5.34,-1.43,0,0,0,0,0,0,679.12,77.9,142.48,351.43,216.24,104.39,26.61,17.88,4.43,4.43,6.39,1938.33,15.3,15.34,702.43,101.12,103.93,0.000954,0.12,324.1,0.004768,0.27,5041,-0.000954,0.17,1576.3,115.78,-17.36,36.39,-3.5,9.95,-131.2
5/20/2018 6:08,20/05/2018,6:08:10,22040,120,5.9,-6.81,-9.25,0.52,-3.39,-5.34,-0.46,0,0,0,0,0,0,679.12,77.9,138.55,351.43,212.32,108.31,26.61,19.14,4.43,4.43,6.39,1938.33,15.2,15.32,683.45,101.12,103.93,0.003815,0.12,323.5,0.000954,0.26,5034.8,0.001907,0.17,1580.6,115.78,-17.36,36.39,-3.5,9.95,-138.79
5/20/2018 6:10,20/05/2018,6:10:09,22160,120,4.43,-6.81,-9.25,0.52,-3.88,-5.34,-0.46,0,0,0,0,0,0,679.12,77.9,138.55,351.43,204.47,104.39,26.61,17.88,4.43,4.43,5.41,1915.68,15.2,15.3,692.94,101.12,103.93,-0.001907,0.12,325.3,-0.001907,0.27,5030.5,0,0.17,1582.4,115.78,-17.36,36.39,-3.5,9.95,-146.38
5/20/2018 6:12,20/05/2018,6:12:10,22280,120,3.45,-6.81,-9.25,-1.43,-4.36,-5.83,0.52,0,0,0,0,0,0,683.04,77.9,142.48,353.38,208.4,104.39,26.61,17.88,4.43,4.43,4.92,1927,15.2,15.3,692.94,101.12,103.93,-0.002861,0.11,323.6,-0.000954,0.26,5026.6,-0.000954,0.17,1587.1,115.78,-17.36,36.39,-3.5,9.95,-153.98
5/20/2018 6:14,20/05/2018,6:14:10,22400,120,2.48,-6.81,-9.25,-3.39,-4.85,-5.83,-0.46,0,0,0,0,0,0,686.96,77.9,142.48,353.38,212.32,104.39,26.61,19.14,4.43,4.43,4.92,1938.33,15.2,15.25,702.43,101.12,103.93,-0.002861,0.12,326.4,0.000954,0.27,5024.1,0.001907,0.18,1591.7,115.78,-17.36,36.39,-3.5,9.95,-161.57
5/20/2018 6:15,20/05/2018,6:15:29,22480,80,1.5,-7.3,-9.25,-3.39,-4.85,-5.83,-1.43,0,0,0,0,0,0,683.04,77.9,146.4,353.38,212.32,108.31,26.61,17.88,4.43,2.48,4.43,1949.65,15.2,15.22,692.94,101.12,103.93,0.002861,0.11,323.8,0.003815,0.26,5022.3,0.000954,0.17,1594.1,115.37,-17.73,36.13,-3.09,10.32,-166.37
5/20/2018 6:17,20/05/2018,6:17:30,22600,120,0.52,-7.3,-11.21,-3.39,-5.34,-6.32,-1.43,0,0,0,0,0,0,683.04,77.9,134.63,353.38,204.47,104.39,26.61,17.88,4.43,2.48,4.43,1904.36,15.2,15.22,683.45,101.12,103.93,-0.006676,0.12,325,0.000954,0.27,5024,0,0.17,1598.8,115.36,-17.77,36.12,-3.07,10.36,-173.95
5/20/2018 6:19,20/05/2018,6:19:30,22720,120,-0.46,-7.3,-11.21,-5.34,-5.83,-6.81,-1.43,0,0,0,0,0,0,683.04,77.9,142.48,353.38,212.32,104.39,26.61,17.88,4.43,2.48,4.43,1938.33,15.2,15.2,692.94,101.12,103.93,0.000954,0.11,323.1,0.000954,0.26,5022.7,0.000954,0.17,1602.5,115.35,-17.8,36.08,-3.06,10.39,178.5
5/20/2018 6:21,20/05/2018,6:21:29,22840,120,-0.94,-7.3,-11.21,-5.34,-6.32,-6.81,-1.43,0,0,0,0,0,0,686.96,77.9,134.63,353.38,216.24,100.47,26.61,17.88,2.48,0.52,4.43,1927,15.2,15.2,683.45,101.12,103.93,0.003815,0.12,325.5,0.002861,0.26,5024.9,0.000954,0.17,1601.1,115.37,-17.79,36.03,-3.07,10.37,170.95
5/20/2018 6:23,20/05/2018,6:23:30,22960,120,-1.92,-7.3,-11.21,-5.34,-6.32,-7.3,-1.43,0,0,0,0,0,0.49,686.96,77.9,130.71,353.38,200.55,104.39,26.61,17.88,2.48,0.52,4.43,1949.65,15.2,15.18,683.45,101.12,103.93,-0.000954,0.12,326.5,-0.002861,0.26,5027.7,0.000954,0.17,1604,115.36,-17.8,36.01,-3.07,10.39,163.38
5/20/2018 6:25,20/05/2018,6:25:29,23080,120,-2.41,-7.3,-11.21,-7.3,-6.81,-7.3,-1.43,0,0,0,0,0,0,686.96,77.9,158.16,355.33,196.63,104.39,26.61,19.14,3.94,3.94,4.43,1949.65,15.1,15.15,692.94,101.12,103.93,-0.001907,0.12,327.7,0.003815,0.26,5029,0,0.17,1604.2,115.36,-17.8,35.99,-3.06,10.39,155.8
5/20/2018 6:27,20/05/2018,6:27:29,23200,120,-2.9,-8.27,-10.72,-7.3,-7.3,-7.3,-2.9,0,0,0,0,0,0,686.96,77.9,134.63,353.38,208.4,112.23,26.61,19.14,2.48,0.52,4.43,1938.33,15.1,15.15,683.45,101.12,103.93,-0.001907,0.12,330.7,0.000954,0.26,5029,0.003815,0.17,1607.2,115.33,-17.83,35.99,-3.03,10.42,148.22
5/20/2018 6:29,20/05/2018,6:29:30,23320,120,-3.39,-8.27,-11.21,-9.25,-7.3,-7.3,-1.43,0,0,0,0,0,0,686.96,77.9,166.01,355.33,196.63,112.23,26.61,17.88,2.48,0.52,4.43,1960.97,15.1,15.13,702.43,101.12,103.93,-0.003815,0.12,330.5,-0.000954,0.26,5027.6,0.002861,0.17,1611.4,115.29,-17.85,35.97,-2.99,10.44,140.64
5/20/2018 6:31,20/05/2018,6:31:29,23440,120,-3.39,-8.76,-11.21,-9.25,-7.3,-8.27,-1.43,0,0,0,0,0,0,686.96,77.9,134.63,355.33,208.4,108.31,26.61,19.14,2.48,0.52,4.43,1927,15.1,15.13,683.45,101.12,103.93,0.002861,0.12,332.6,-0.002861,0.27,5030.6,0.000954,0.17,1614.9,115.26,-17.88,35.97,-2.96,10.47,133.04
5/20/2018 6:33,20/05/2018,6:33:30,23560,120,-4.36,-8.76,-11.21,-9.25,-7.3,-8.76,-1.43,0,0,0,0,0,0,47.73,44.73,146.4,349.48,212.32,96.55,26.61,17.88,2.48,0.52,4.43,1145.75,15.3,15.32,417.72,101.12,107.83,0.003815,0.12,334.2,-0.000954,0.26,5031.6,-0.004768,0.17,1617.5,115.23,-17.88,35.96,-2.93,10.47,125.46
5/20/2018 6:35,20/05/2018,6:35:30,23680,120,-4.85,-9.25,-11.21,-9.25,-7.3,-9.25,-1.43,0,0,0,0,0,0,47.73,44.73,130.71,349.48,208.4,100.47,26.61,17.88,0.52,0.52,2.48,1145.75,15.3,15.32,408.23,101.12,103.93,0.003815,0.12,337.8,0,0.26,5032.4,-0.003815,0.17,1621.7,115.19,-17.9,35.95,-2.88,10.48,117.88
5/20/2018 6:37,20/05/2018,6:37:29,23800,120,-5.34,-9.25,-11.21,-11.21,-7.3,-9.25,-3.39,0,0,0,0,0,0,47.73,44.73,142.48,349.48,196.63,104.39,26.61,17.88,0.52,0.52,1.5,1145.75,15.3,15.32,417.72,101.12,103.93,-0.006676,0.11,336.9,0,0.26,5033.1,0,0.17,1626.3,115.14,-17.92,35.93,-2.84,10.51,110.31
5/20/2018 6:39,20/05/2018,6:39:30,23920,120,-6.81,-9.25,-11.21,-9.25,-8.27,-9.74,-3.39,275.69,0,0,97.48,13.29,0,47.73,44.73,126.79,335.82,208.4,104.39,26.61,19.14,0.52,0.52,1.01,1145.75,15.97,15.94,-417.45,101.12,105.88,-0.000954,0.12,338.3,0.003815,0.27,5034.9,0,0.18,1631.3,115.12,-17.97,35.92,-2.81,10.55,102.72
5/20/2018 6:41,20/05/2018,6:41:29,24040,120,-5.83,-9.74,-11.21,-9.25,-7.3,-10.72,-3.39,278.64,0,0,98.95,13.29,0,47.73,44.73,130.71,335.82,200.55,104.39,26.61,19.14,0.03,5.41,1.01,1123.1,16.06,15.99,-426.94,101.12,105.88,0,0.11,338.4,-0.002861,0.27,5038.4,0.001907,0.18,1632,115.09,-17.97,35.88,-2.78,10.56,95.17
5/20/2018 6:43,20/05/2018,6:43:29,24160,120,-4.85,-9.74,-13.16,-7.3,-7.3,-10.23,-3.39,281.6,0,0.49,101.41,15.26,0,47.73,44.73,126.79,335.82,220.16,104.39,26.61,19.14,-0.46,4.43,1.01,1134.42,16.06,16.06,-417.45,101.12,107.83,0.005722,0.12,343.4,0,0.26,5039.7,0.002861,0.17,1631.6,115.07,-17.97,35.85,-2.76,10.56,87.61
5/20/2018 6:45,20/05/2018,6:45:30,24280,120,-3.88,-10.23,-13.16,-7.3,-7.3,-10.72,-3.39,284.06,0.49,1.48,105.84,25.11,0,47.73,44.73,126.79,335.82,208.4,104.39,26.61,19.14,-1.43,4.43,1.01,1123.1,16.06,16.06,-407.96,101.12,105.88,0.000954,0.12,346.3,0.003815,0.27,5039,0.000954,0.18,1635.8,115.04,-18,35.86,-2.73,10.59,80
5/20/2018 6:47,20/05/2018,6:47:29,24400,120,-3.39,-10.23,-13.16,-5.34,-7.3,-11.21,-3.39,284.55,4.43,3.94,112.24,42.34,0,43.8,44.73,154.24,335.82,204.47,104.39,26.61,19.14,-1.43,4.43,1.01,1145.75,16.06,16.06,-388.98,101.12,105.88,0,0.12,348,0,0.26,5037.1,0.000954,0.18,1636.6,115.04,-18.01,35.83,-2.73,10.6,72.44
5/20/2018 6:49,20/05/2018,6:49:30,24520,120,-2.41,-10.23,-11.21,-5.34,-7.3,-11.21,-3.39,283.07,16.25,7.88,122.58,63.51,0,47.73,44.73,126.79,333.87,200.55,104.39,26.61,19.14,-1.43,2.48,1.01,1111.78,16.06,16.06,-398.47,101.12,107.83,0,0.12,350.7,-0.001907,0.26,5032.1,0.000954,0.18,1639.4,115.04,-18.06,35.78,-2.73,10.64,64.9
5/20/2018 6:51,20/05/2018,6:51:30,24640,120,-1.43,-10.23,-13.16,-3.39,-6.81,-11.21,-3.39,279.63,33.48,11.82,131.44,78.28,0.49,47.73,44.73,130.71,333.87,208.4,104.39,26.61,19.14,-1.43,2.48,1.5,1111.78,16.06,16.06,-360.5,101.12,105.88,-0.002861,0.12,355.5,-0.000954,0.27,5026,0,0.18,1646,115.01,-18.09,35.77,-2.7,10.68,57.31
5/20/2018 7:05,20/05/2018,7:05:30,25480,840,2.48,-8.27,-11.21,0.52,-4.36,-10.23,-3.39,272.73,64,14.28,115.69,29.54,18.22,43.8,44.73,142.48,333.87,200.55,108.31,26.61,19.14,0.52,4.43,4.43,1157.07,16.06,16.06,-275.09,101.12,107.83,-0.001907,0.12,371.3,-0.000954,0.26,4996.4,-0.003815,0.18,1690.4,114.93,-18.32,35.58,-2.61,10.9,4.36
5/20/2018 7:07,20/05/2018,7:07:30,25600,120,2.48,-8.27,-8.27,2.48,-4.36,-9.74,-1.92,272.73,61.05,13.29,119.63,28.06,18.71,47.73,44.73,134.63,333.87,204.47,104.39,26.61,19.14,0.52,4.43,4.43,1123.1,16.06,16.06,-303.56,101.12,107.83,0.002861,0.12,371.7,-0.000954,0.27,5001.7,0.000954,0.18,1690.1,114.9,-18.29,35.55,-2.58,10.87,-3.21
5/20/2018 7:09,20/05/2018,7:09:29,25720,120,2.97,-7.3,-11.21,2.48,-3.88,-9.25,-3.39,272.73,51.69,13.29,122.09,21.17,24.12,47.73,44.73,134.63,333.87,208.4,104.39,26.61,19.14,0.52,4.43,4.43,1134.42,16.06,16.06,-303.56,101.12,105.88,0.000954,0.12,372.2,-0.001907,0.26,5001.3,-0.000954,0.18,1694.6,114.9,-18.29,35.55,-2.58,10.87,-10.8
5/20/2018 7:11,20/05/2018,7:11:30,25840,120,3.45,-7.3,-11.21,4.43,-3.88,-9.25,-3.39,272.73,41.85,14.28,116.68,19.2,22.15,47.73,44.73,150.32,333.87,200.55,104.39,26.61,19.14,0.52,4.43,4.43,1134.42,16.06,16.06,-284.58,101.12,105.88,0,0.12,373.1,-0.001907,0.26,5003.1,0.000954,0.18,1695.2,114.9,-18.29,35.55,-2.58,10.87,-18.39
5/20/2018 7:13,20/05/2018,7:13:29,25960,120,3.45,-7.3,-11.21,4.43,-3.39,-8.76,-3.39,272.73,48.25,13.29,123.08,17.72,24.62,47.73,44.73,134.63,333.87,204.47,104.39,26.61,17.88,0.52,4.43,4.43,1134.42,16.06,16.06,-284.58,101.12,105.88,-0.000954,0.12,371.8,0.000954,0.26,5004.5,0,0.18,1696.1,114.9,-18.29,35.55,-2.58,10.87,-25.98
5/20/2018 7:15,20/05/2018,7:15:30,26080,120,4.43,-7.3,-11.21,4.43,-3.39,-8.27,-1.43,272.73,46.28,16.74,119.14,14.28,33.97,47.73,44.73,130.71,333.87,204.47,104.39,26.61,19.14,2.48,4.43,4.43,1123.1,16.06,16.06,-275.09,101.12,105.88,0.001907,0.12,372.6,-0.001907,0.27,5004.5,-0.000954,0.18,1697.1,114.9,-18.29,35.55,-2.58,10.87,-33.58
5/20/2018 7:17,20/05/2018,7:17:30,26200,120,4.43,-6.81,-11.21,5.9,-3.39,-7.3,-1.43,273.72,32,14.28,114.21,12.8,33.97,47.73,44.73,134.63,333.87,208.4,104.39,27.59,17.88,2.48,4.43,4.43,1134.42,16.06,16.06,-246.62,101.12,105.88,0.001907,0.12,373.6,0.000954,0.27,5005.1,-0.000954,0.18,1698.7,114.9,-18.29,35.55,-2.57,10.87,-41.17
5/20/2018 7:19,20/05/2018,7:19:29,26320,120,4.43,-6.81,-9.25,4.43,-3.39,-7.3,-1.43,273.72,28.06,10.83,110.28,11.82,30.03,47.73,44.73,134.63,333.87,192.71,104.39,26.61,19.14,2.48,4.43,4.43,1111.78,16.06,16.06,-256.11,101.12,103.93,-0.005722,0.12,375.1,-0.001907,0.26,5006.3,0,0.18,1702.1,114.9,-18.29,35.55,-2.57,10.87,-48.76
5/20/2018 7:21,20/05/2018,7:21:30,26440,120,4.92,-6.32,-9.25,4.43,-3.39,-6.81,-1.43,274.21,30.03,11.82,110.28,10.83,37.41,47.73,44.73,134.63,333.87,192.71,104.39,26.61,17.88,2.48,4.43,4.43,1123.1,16.06,16.06,-265.6,101.12,105.88,-0.005722,0.12,376.7,-0.002861,0.26,5006.3,0.000954,0.18,1706.3,114.9,-18.29,35.55,-2.57,10.87,-56.36
5/20/2018 7:23,20/05/2018,7:23:29,26560,120,5.41,-6.32,-7.79,4.43,-4.36,-6.32,0.03,276.18,21.17,15.26,106.83,10.83,32.98,47.73,44.73,134.63,335.82,204.47,104.39,26.61,19.14,2.48,4.43,4.43,1134.42,16.06,16.06,-237.13,101.12,107.83,0.001907,0.12,375.1,-0.001907,0.27,5008.5,0.000954,0.18,1707.2,114.9,-18.29,35.55,-2.57,10.87,-63.95
5/20/2018 7:25,20/05/2018,7:25:29,26680,120,5.41,-6.32,-9.25,4.43,-3.39,-5.83,-1.43,277.66,15.26,14.77,108.8,10.34,35.45,47.73,44.73,130.71,333.87,204.47,108.31,26.61,19.14,2.48,4.43,4.43,1123.1,16.06,16.06,-237.13,101.12,107.83,0.000954,0.12,381.2,-0.001907,0.27,5009.2,0.000954,0.18,1707.4,114.9,-18.29,35.55,-2.57,10.87,-71.54
5/20/2018 7:27,20/05/2018,7:27:30,26800,120,5.9,-6.32,-9.25,4.43,-3.39,-5.83,-1.43,279.63,10.83,10.83,110.28,10.34,36.43,47.73,44.73,134.63,335.82,212.32,108.31,26.61,19.14,2.48,4.43,4.43,1145.75,16.06,16.06,-218.15,101.12,105.88,0.002861,0.13,382.2,0.000954,0.27,5009.7,0.000954,0.18,1708.7,114.9,-18.29,35.55,-2.57,10.87,-79.13
5/20/2018 7:29,20/05/2018,7:29:29,26920,120,6.39,-6.32,-9.25,4.43,-3.39,-5.34,-1.43,280.61,3.45,8.37,107.81,10.34,27.57,47.73,44.73,134.63,333.87,208.4,104.39,26.61,19.14,2.48,4.43,4.43,1134.42,16.06,16.06,-256.11,101.12,105.88,-0.001907,0.12,382.2,-0.000954,0.27,5008.4,0.000954,0.18,1711.2,114.9,-18.29,35.55,-2.57,10.87,-86.73
5/20/2018 7:31,20/05/2018,7:31:30,27040,120,6.39,-6.32,-9.25,4.43,-3.39,-5.34,-1.43,278.64,0,2.95,104.86,10.34,12.31,47.73,44.73,134.63,335.82,208.4,104.39,26.61,19.14,2.48,4.43,4.43,1134.42,16.06,16.06,-218.15,101.12,107.83,0.000954,0.12,385,0.000954,0.27,5007.9,0.000954,0.18,1713.4,114.9,-18.29,35.55,-2.56,10.87,-94.32
5/20/2018 7:33,20/05/2018,7:33:30,27160,120,6.88,-6.32,-9.25,5.9,-3.39,-5.34,-0.46,274.7,0,0.49,102.4,10.34,3.45,47.73,44.73,126.79,335.82,204.47,104.39,27.59,19.14,2.48,6.39,4.43,1111.78,16.06,16.06,-208.66,101.12,105.88,-0.002861,0.12,388.7,0.001907,0.27,5005.8,-0.000954,0.18,1716.2,114.9,-18.29,35.55,-2.56,10.87,-101.91
5/20/2018 7:35,20/05/2018,7:35:29,27280,120,6.88,-6.32,-9.25,4.43,-3.39,-5.34,-0.46,271.75,0,0,100.43,10.34,0.49,47.73,44.73,134.63,335.82,196.63,112.23,26.61,19.14,2.48,4.43,4.43,1134.42,16.06,16.06,-227.64,101.12,103.93,-0.001907,0.12,390.5,-0.003815,0.26,5002.3,0.002861,0.18,1718.5,114.9,-18.29,35.55,-2.56,10.87,-109.51
5/20/2018 7:37,20/05/2018,7:37:30,27400,120,7.36,-6.81,-9.25,4.43,-3.39,-5.34,-1.43,270.27,0,0,99.94,9.85,0,47.73,44.73,134.63,335.82,204.47,104.39,26.61,17.88,4.43,4.43,4.43,1123.1,16.06,16.06,-237.13,101.12,105.88,-0.001907,0.12,391.3,0,0.26,4999.1,0,0.18,1722.5,114.9,-18.29,35.55,-2.56,10.87,-117.1
5/20/2018 7:39,20/05/2018,7:39:29,27520,120,7.36,-6.81,-7.79,4.43,-4.36,-5.34,0.03,11.32,0,0,3.45,0.49,0,47.73,44.73,134.63,345.58,204.47,104.39,26.61,19.14,4.43,4.43,4.92,1145.75,15.68,15.61,427.21,101.12,103.93,-0.001907,0.12,393.7,0,0.27,4992.2,0.000954,0.18,1729.9,114.9,-18.29,35.55,-2.56,10.87,-124.69
5/20/2018 7:40,20/05/2018,7:40:49,27600,80,7.36,-6.81,-9.25,2.48,-3.39,-5.34,-1.43,0,0,0,0,0,0,47.73,44.73,138.55,345.58,196.63,104.39,26.61,17.88,4.43,4.43,4.92,1134.42,15.68,15.56,436.7,101.12,103.93,-0.004768,0.12,394.1,0,0.26,4988.5,-0.000954,0.18,1732.5,114.9,-18.29,35.55,-2.56,10.87,-129.75
5/20/2018 7:42,20/05/2018,7:42:50,27720,120,5.9,-6.81,-9.25,0.52,-3.88,-5.83,-1.43,0,0,0,0,0,0,47.73,44.73,134.63,345.58,196.63,104.39,26.61,19.14,4.43,4.43,4.43,1134.42,15.49,15.54,427.21,101.12,103.93,-0.006676,0.12,392.5,0.001907,0.26,4981.7,0.000954,0.18,1734.8,114.9,-18.29,35.55,-2.56,10.87,-137.35
5/20/2018 7:44,20/05/2018,7:44:49,27840,120,4.92,-6.81,-7.79,0.52,-4.85,-5.83,0.03,0,0,0,0,0,0,47.73,46.68,142.48,345.58,208.4,104.39,26.61,19.14,4.43,2.48,4.43,1157.07,15.49,15.51,427.21,101.12,103.93,0.000954,0.12,394,0.000954,0.27,4977.3,0.000954,0.18,1735.6,114.9,-18.29,35.55,-2.56,10.87,-144.94
5/20/2018 7:46,20/05/2018,7:46:49,27960,120,3.45,-7.3,-9.25,-1.43,-4.85,-5.83,-1.43,0,0,0,0,0,0,47.73,44.73,134.63,345.58,196.63,104.39,26.61,17.88,4.43,0.52,4.43,1134.42,15.49,15.51,417.72,101.12,103.93,-0.007629,0.12,394.1,0.001907,0.26,4971.3,0.001907,0.18,1737.7,114.9,-18.29,35.55,-2.55,10.87,-152.53
5/20/2018 7:48,20/05/2018,7:48:50,28080,120,1.99,-7.3,-9.25,-3.39,-4.85,-6.32,-1.43,0,0,0,0,0,0,47.73,44.73,130.71,345.58,204.47,104.39,26.61,17.88,4.43,0.52,4.43,1134.42,15.49,15.49,427.21,101.12,103.93,0,0.12,397.1,0,0.26,4968,-0.001907,0.18,1739,114.9,-18.29,35.55,-2.55,10.87,-160.13
5/20/2018 7:50,20/05/2018,7:50:49,28200,120,1.01,-7.3,-9.25,-3.39,-5.34,-6.32,-1.43,0,0,0,0,0,0,47.73,44.73,138.55,345.58,208.4,104.39,26.61,17.88,4.43,0.52,4.43,1145.75,15.49,15.49,427.21,101.12,103.93,0.001907,0.12,395.3,-0.001907,0.26,4968.2,-0.000954,0.18,1744.7,114.43,-18.73,35.27,-2.08,11.32,-167.44
5/20/2018 7:52,20/05/2018,7:52:50,28320,120,0.52,-7.3,-11.21,-3.39,-5.83,-6.81,-1.43,0,0,0,0,0,0,47.73,44.73,130.71,347.53,208.4,104.39,26.61,17.88,2.48,0.52,4.43,1134.42,15.49,15.49,427.21,101.12,103.93,0.001907,0.12,397.6,0.001907,0.26,4966.2,0,0.18,1747.5,114.4,-18.76,35.25,-2.05,11.35,-175.01
5/20/2018 7:54,20/05/2018,7:54:50,28440,120,-0.94,-7.3,-11.21,-3.88,-6.32,-6.81,-1.43,0,0,0,0,0.49,0,47.73,44.73,130.71,347.53,204.47,104.39,26.61,17.88,2.48,0.52,4.43,1134.42,15.49,15.46,427.21,101.12,105.88,-0.003815,0.12,397,0.000954,0.27,4967.6,0.001907,0.18,1748.9,114.39,-18.79,35.22,-2.04,11.38,177.42
5/20/2018 7:56,20/05/2018,7:56:49,28560,120,-1.43,-7.3,-11.21,-7.3,-6.81,-7.3,-1.43,0,0,0,0,0,0,47.73,44.73,130.71,347.53,212.32,112.23,26.61,19.14,2.48,0.52,4.43,1157.07,15.49,15.46,427.21,101.12,103.93,0.002861,0.12,400.4,0.001907,0.26,4969.6,0.000954,0.18,1751,114.37,-18.8,35.19,-2.02,11.39,169.86
5/20/2018 7:58,20/05/2018,7:58:50,28680,120,-2.41,-8.27,-11.21,-7.3,-6.81,-7.3,-1.43,0,0,0,0,0,0,47.73,44.73,130.71,345.58,204.47,104.39,26.61,17.88,2.48,0.52,4.43,1134.42,15.49,15.44,417.72,101.12,107.83,-0.002861,0.12,406.5,0.000954,0.26,4970.2,-0.001907,0.18,1751.9,114.34,-18.81,35.16,-1.98,11.4,162.3
5/20/2018 8:00,20/05/2018,8:00:49,28800,120,-2.9,-8.27,-7.79,-7.3,-7.3,-7.3,0.03,0,0,0,0,0,0,47.73,44.73,162.08,347.53,196.63,104.39,26.61,19.14,2.48,0.52,4.43,1168.39,15.49,15.44,427.21,101.12,103.93,-0.000954,0.12,408.2,-0.004768,0.26,4971.8,0.000954,0.18,1754.9,114.31,-18.82,35.14,-1.95,11.41,154.73
5/20/2018 8:02,20/05/2018,8:02:49,28920,120,-3.39,-8.76,-11.21,-9.25,-7.3,-8.27,-1.43,0,0,0,0,0,0,47.73,44.73,130.71,347.53,204.47,104.39,26.61,17.88,2.48,0.52,4.43,1134.42,15.49,15.44,427.21,101.12,103.93,-0.003815,0.12,413.1,0.000954,0.26,4970,-0.001907,0.18,1759.2,114.28,-18.85,35.1,-1.92,11.44,147.17
5/20/2018 8:04,20/05/2018,8:04:50,29040,120,-3.88,-8.76,-11.21,-9.25,-7.3,-8.76,-1.43,0,0,0,0,0,0.49,47.73,44.73,162.08,347.53,208.4,104.39,26.61,19.14,0.52,0.52,2.48,1179.71,15.49,15.42,436.7,101.12,103.93,0.003815,0.12,415.7,-0.001907,0.26,4970.2,0.000954,0.18,1762.5,114.24,-18.87,35.1,-1.88,11.46,139.58
5/20/2018 8:06,20/05/2018,8:06:49,29160,120,-4.85,-9.25,-11.21,-9.25,-7.3,-9.25,-1.43,0,0,0,0,0,0,47.73,44.73,130.71,347.53,204.47,104.39,26.61,17.88,0.52,0.52,1.5,1145.75,15.49,15.42,427.21,101.12,107.83,0.003815,0.12,418.9,-0.002861,0.26,4971.1,0.000954,0.18,1763.8,114.21,-18.87,35.08,-1.85,11.46,132.01
5/20/2018 8:08,20/05/2018,8:08:50,29280,120,-5.34,-9.25,-11.21,-11.21,-7.3,-9.25,-3.39,0,0,0,0,0,0,47.73,44.73,134.63,347.53,212.32,104.39,26.61,17.88,0.52,0.52,1.5,1168.39,15.49,15.42,427.21,101.12,103.93,-0.002861,0.12,419.9,0.002861,0.26,4970.6,-0.000954,0.18,1769.3,114.18,-18.91,35.06,-1.82,11.49,124.43
5/20/2018 8:10,20/05/2018,8:10:50,29400,120,-5.83,-10.23,-11.21,-11.21,-8.27,-9.74,-3.39,0,0,0,0,0,0,47.73,44.73,130.71,347.53,216.24,104.39,26.61,19.14,0.52,-1.43,1.01,1157.07,15.58,15.39,417.72,101.12,103.93,0.003815,0.12,422.7,0.002861,0.26,4972.1,-0.002861,0.18,1772.4,114.17,-18.94,35.01,-1.8,11.52,116.89
5/20/2018 8:12,20/05/2018,8:12:49,29520,120,-6.32,-9.74,-11.21,-11.21,-8.27,-10.23,-3.39,2.46,0,0,0.49,0,0,47.73,44.73,138.55,347.53,212.32,112.23,26.61,17.88,-0.46,-1.43,0.52,1168.39,15.3,15.39,427.21,101.12,103.93,0.006676,0.12,421,0.000954,0.26,4972.3,0.002861,0.18,1775.7,114.14,-18.96,34.98,-1.77,11.55,109.33
5/20/2018 8:14,20/05/2018,8:14:50,29640,120,-6.81,-9.74,-11.21,-11.21,-8.76,-10.72,-3.39,277.16,0,0,99.44,8.37,0,43.8,44.73,126.79,333.87,200.55,104.39,26.61,19.14,-1.43,0.52,0.52,1111.78,16.06,16.06,-417.45,101.12,107.83,-0.002861,0.12,422.4,-0.000954,0.26,4977.1,0,0.18,1774.9,114.15,-18.95,34.95,-1.78,11.54,101.76
5/20/2018 8:16,20/05/2018,8:16:49,29760,120,-5.83,-10.23,-11.21,-9.25,-8.76,-10.72,-3.39,279.63,0,0,100.92,8.86,0,47.73,44.73,130.71,335.82,212.32,104.39,26.61,19.14,-1.43,0.52,0.52,1134.42,16.06,16.06,-379.49,101.12,105.88,0.001907,0.12,423.2,0.003815,0.26,4977.7,0,0.18,1779.5,114.12,-19.02,34.95,-1.75,11.6,94.17
5/20/2018 8:18,20/05/2018,8:18:49,29880,120,-5.34,-10.23,-13.16,-7.3,-8.76,-11.21,-3.39,282.09,0,0.49,103.38,11.82,0,43.8,44.73,150.32,333.87,208.4,104.39,26.61,19.14,-1.43,0.52,0.52,1157.07,16.06,16.06,-351.01,101.12,103.93,0.002861,0.12,427.7,-0.001907,0.26,4979.6,0.003815,0.18,1782.2,114.08,-19.05,34.93,-1.71,11.64,86.6
5/20/2018 8:20,20/05/2018,8:20:50,30000,120,-4.36,-10.72,-11.21,-7.3,-8.27,-11.21,-3.39,284.55,0.98,1.48,108.31,23.14,0,47.73,44.73,126.79,333.87,204.47,104.39,26.61,19.14,-1.43,2.48,0.52,1111.78,16.06,16.06,-313.05,101.12,107.83,-0.001907,0.12,430.9,0,0.26,4978.4,0,0.18,1783.1,114.09,-19.06,34.9,-1.72,11.65,79.04
5/20/2018 8:22,20/05/2018,8:22:49,30120,120,-3.39,-10.72,-15.12,-5.34,-7.3,-11.21,-3.39,285.04,7.38,4.92,117.17,43.32,0,47.73,44.73,158.16,333.87,216.24,104.39,26.61,19.14,-1.43,0.52,0.52,1157.07,16.06,16.06,-351.01,101.12,107.83,0.007629,0.13,433.8,0,0.26,4975.9,0.000954,0.18,1783.5,114.09,-19.07,34.85,-1.71,11.66,71.5
5/20/2018 8:24,20/05/2018,8:24:50,30240,120,-2.41,-10.72,-15.12,-3.39,-7.3,-11.21,-5.34,282.58,20.18,8.86,127.51,63.01,0.49,47.73,44.73,126.79,333.87,204.47,104.39,26.61,19.14,-1.43,0.52,0.52,1123.1,16.06,16.06,-313.05,101.12,107.83,0.008583,0.13,441.6,-0.000954,0.26,4969.7,0,0.19,1789.2,114.06,-19.12,34.82,-1.69,11.7,63.93
5/20/2018 8:26,20/05/2018,8:26:50,30360,120,-1.92,-10.72,-15.12,-3.39,-7.3,-11.21,-5.34,279.63,36.92,12.31,135.87,75.81,0.49,47.73,44.73,146.4,335.82,216.24,108.31,26.61,19.14,-1.43,0.52,1.01,2368.59,15.97,15.97,-237.13,105.02,1323.24,0.004768,0.12,444.5,0.001907,0.26,4963.7,0.000954,0.18,1794.1,114.04,-19.15,34.82,-1.66,11.73,56.34
5/20/2018 8:40,20/05/2018,8:40:50,31200,840,1.99,-9.25,-11.21,0.52,-5.34,-10.72,-3.39,272.73,58.58,11.32,125.54,29.54,14.28,47.73,44.73,126.79,333.87,212.32,104.39,26.61,19.14,-0.46,4.43,2.48,1134.42,16.06,16.06,-256.11,101.12,107.83,0.001907,0.13,468,0.001907,0.26,4939.1,0.003815,0.19,1831,113.92,-19.27,34.63,-1.53,11.86,3.37
5/20/2018 8:42,20/05/2018,8:42:49,31320,120,2.48,-9.25,-11.21,2.48,-5.34,-10.72,-3.39,272.73,66.95,16.25,127.01,25.6,20.18,47.73,44.73,126.79,333.87,208.4,104.39,26.61,19.14,0.52,4.43,2.48,1134.42,16.06,16.06,-256.11,101.12,107.83,0.002861,0.13,468.5,0,0.26,4940.6,0,0.19,1833.1,113.91,-19.26,34.6,-1.52,11.84,-4.18
5/20/2018 8:44,20/05/2018,8:44:49,31440,120,2.48,-8.76,-11.21,2.48,-4.85,-10.23,-3.39,272.73,68.92,17.72,125.54,22.15,29.05,47.73,44.73,134.63,333.87,208.4,104.39,26.61,19.14,0.52,4.43,2.48,1134.42,16.06,16.06,-265.6,101.12,105.88,-0.001907,0.13,470.3,-0.001907,0.26,4942.8,0,0.19,1835.9,113.91,-19.26,34.6,-1.52,11.84,-11.78
5/20/2018 8:46,20/05/2018,8:46:50,31560,120,2.97,-8.27,-11.21,2.48,-4.85,-9.74,-3.39,272.73,66.95,18.71,125.54,18.22,35.45,47.73,44.73,134.63,333.87,200.55,112.23,26.61,19.14,0.52,4.43,4.43,1134.42,16.06,16.06,-208.66,101.12,107.83,-0.000954,0.12,469.8,-0.000954,0.26,4941.6,0.002861,0.19,1838.8,113.91,-19.26,34.6,-1.52,11.84,-19.37
5/20/2018 8:48,20/05/2018,8:48:49,31680,120,2.97,-7.3,-11.21,4.43,-4.85,-9.25,-3.39,272.73,72.86,17.23,135.87,16.74,34.95,47.73,44.73,134.63,333.87,208.4,112.23,26.61,19.14,0.52,4.43,4.43,1134.42,16.2,16.06,-237.13,101.12,105.88,-0.001907,0.12,469.9,0.001907,0.27,4943.4,0.003815,0.18,1840,113.91,-19.26,34.6,-1.52,11.84,-26.96
5/20/2018 8:50,20/05/2018,8:50:50,31800,120,3.45,-7.3,-11.21,4.43,-4.85,-8.76,-3.39,272.73,75.32,22.15,135.38,10.83,68.92,47.73,44.73,130.71,333.87,196.63,104.39,26.61,19.14,0.52,4.43,4.43,1123.1,16.06,16.06,-189.68,101.12,103.93,-0.002861,0.13,473.3,-0.000954,0.26,4942.8,-0.000954,0.18,1843.2,113.91,-19.26,34.6,-1.52,11.84,-34.55
5/20/2018 8:52,20/05/2018,8:52:50,31920,120,4.43,-7.3,-11.21,4.43,-4.85,-7.3,-3.39,274.21,44.31,18.71,117.66,8.37,49.23,47.73,44.73,150.32,333.87,208.4,108.31,26.61,17.88,0.52,4.43,4.43,1157.07,16.06,16.06,-208.66,101.12,107.83,0,0.12,473.3,0.001907,0.27,4942.8,0.000954,0.19,1846,113.91,-19.26,34.6,-1.51,11.84,-42.15
5/20/2018 8:54,20/05/2018,8:54:49,32040,120,4.43,-7.3,-11.21,4.43,-4.85,-7.3,-1.43,274.7,24.62,18.22,109.78,7.38,33.97,47.73,44.73,134.63,333.87,208.4,104.39,26.61,19.14,2.48,4.43,4.43,1123.1,16.06,16.06,-237.13,101.12,107.83,0.001907,0.13,474.7,-0.002861,0.26,4944,-0.000954,0.18,1846.6,113.91,-19.26,34.6,-1.51,11.84,-49.74
5/20/2018 8:56,20/05/2018,8:56:50,32160,120,4.43,-6.81,-11.21,4.43,-4.85,-7.3,-1.43,274.7,22.65,16.74,109.78,6.89,31.01,47.73,44.73,134.63,333.87,200.55,104.39,26.61,19.14,2.48,4.43,4.43,1123.1,16.06,16.06,-218.15,101.12,107.83,-0.001907,0.12,476.4,0.000954,0.26,4944.4,-0.000954,0.18,1849.4,113.91,-19.26,34.6,-1.51,11.84,-57.33
5/20/2018 8:58,20/05/2018,8:58:49,32280,120,4.92,-6.81,-11.21,4.43,-4.85,-6.81,-1.43,276.18,18.22,12.8,112.24,6.4,31.51,47.73,44.73,130.71,333.87,196.63,108.31,26.61,19.14,2.48,4.43,4.43,1111.78,16.06,16.06,-199.17,101.12,105.88,-0.001907,0.13,480.7,-0.005722,0.26,4946.9,0.002861,0.19,1849.2,113.91,-19.26,34.6,-1.51,11.84,-64.93
5/20/2018 9:00,20/05/2018,9:00:49,32400,120,4.92,-6.81,-9.25,4.43,-4.85,-6.32,-1.43,277.66,17.72,11.32,115.2,6.4,40.86,47.73,44.73,130.71,333.87,204.47,108.31,26.61,19.14,2.48,4.43,4.43,1134.42,16.06,16.06,-218.15,101.12,107.83,-0.003815,0.13,484.8,-0.001907,0.26,4946.5,0.003815,0.19,1852.1,113.91,-19.26,34.6,-1.51,11.84,-72.52
5/20/2018 9:02,20/05/2018,9:02:50,32520,120,5.41,-6.81,-9.25,4.43,-4.85,-5.83,-1.43,279.63,7.88,9.85,111.75,5.91,32.98,47.73,44.73,134.63,333.87,204.47,104.39,26.61,19.14,2.48,4.43,4.43,1123.1,16.06,16.06,-180.19,101.12,107.83,-0.000954,0.13,487.4,0,0.26,4945.9,0,0.19,1854.9,113.91,-19.26,34.6,-1.51,11.84,-80.11
5/20/2018 9:04,20/05/2018,9:04:49,32640,120,5.9,-7.3,-9.25,4.43,-4.36,-5.83,-1.43,279.63,1.97,5.42,109.29,5.91,21.17,47.73,44.73,126.79,333.87,204.47,104.39,26.61,19.14,2.48,4.43,4.43,1123.1,16.23,16.06,-189.68,101.12,105.88,-0.000954,0.12,489.3,0.001907,0.26,4944.6,-0.000954,0.18,1855.2,113.91,-19.26,34.6,-1.51,11.84,-87.71
5/20/2018 9:06,20/05/2018,9:06:09,32720,80,6.39,-6.81,-9.25,4.43,-4.85,-5.34,-1.43,277.66,0.49,2.95,107.32,5.91,12.31,47.73,44.73,146.4,335.82,196.63,104.39,26.61,19.14,2.48,4.43,4.43,1134.42,16.06,16.06,-199.17,101.12,107.83,-0.000954,0.12,492,-0.001907,0.26,4945.3,0.000954,0.19,1859.3,113.91,-19.26,34.6,-1.51,11.84,-92.77
5/20/2018 9:08,20/05/2018,9:08:10,32840,120,6.39,-6.81,-9.25,4.43,-4.36,-5.34,-1.43,275.69,0,0.49,104.37,5.91,3.45,47.73,44.73,142.48,335.82,204.47,108.31,26.61,19.14,2.48,4.43,4.43,1134.42,16.06,16.06,-208.66,101.12,107.83,-0.002861,0.12,495.9,0.002861,0.26,4941.6,0,0.19,1863,113.91,-19.26,34.6,-1.5,11.84,-100.36
5/20/2018 9:10,20/05/2018,9:10:09,32960,120,6.39,-7.3,-9.25,4.43,-4.36,-5.34,-1.43,271.75,0,0,102.4,5.91,0.49,47.73,44.73,134.63,335.82,212.32,112.23,26.61,17.88,2.48,4.43,4.43,1145.75,16.23,16.06,-151.71,101.12,107.83,0.001907,0.13,497.7,0.003815,0.26,4940.3,0.001907,0.19,1865.2,113.91,-19.26,34.6,-1.5,11.84,-107.95
5/20/2018 9:12,20/05/2018,9:12:10,33080,120,6.88,-6.81,-9.25,4.43,-4.36,-5.34,-1.43,269.78,0,0,101.91,5.91,0,43.8,44.73,134.63,333.87,212.32,104.39,26.61,19.14,2.48,4.43,4.43,1134.42,16.06,16.06,-170.69,101.12,103.93,0.003815,0.13,500.4,0.001907,0.26,4935.1,0,0.19,1871.2,113.91,-19.26,34.6,-1.5,11.84,-115.55
5/20/2018 9:14,20/05/2018,9:14:10,33200,120,6.88,-7.3,-9.25,4.43,-4.36,-5.83,-1.43,25.6,0,0,8.86,0.49,0,47.73,44.73,134.63,343.63,208.4,108.31,26.61,19.14,3.45,4.43,4.43,1145.75,15.68,15.68,427.21,101.12,103.93,-0.000954,0.13,506.1,0.001907,0.26,4930.2,0.000954,0.19,1873,113.91,-19.26,34.6,-1.5,11.84,-123.14
5/20/2018 9:16,20/05/2018,9:16:09,33320,120,6.39,-7.3,-9.25,2.48,-4.36,-5.83,-1.43,0,0,0,0,0,0,47.73,44.73,130.71,345.58,208.4,108.31,26.61,17.88,2.48,4.43,4.43,1145.75,15.68,15.56,436.7,101.12,103.93,0.001907,0.12,506.6,0,0.26,4924.8,0.000954,0.19,1876.5,113.91,-19.26,34.6,-1.5,11.84,-130.73
5/20/2018 9:18,20/05/2018,9:18:10,33440,120,5.41,-7.3,-9.25,0.52,-4.85,-5.83,-1.43,0,0,0,0,0,0,43.8,44.73,134.63,345.58,196.63,104.39,26.61,17.88,2.48,0.52,4.43,1145.75,15.49,15.54,427.21,101.12,103.93,-0.001907,0.12,509.7,-0.001907,0.26,4918.4,0,0.19,1879.4,113.91,-19.26,34.6,-1.5,11.84,-138.32
5/20/2018 9:20,20/05/2018,9:20:09,33560,120,4.43,-7.3,-11.21,-1.43,-5.34,-5.83,-1.43,0,0,0,0,0,0,47.73,46.68,134.63,345.58,208.4,112.23,26.61,19.14,3.45,0.52,4.43,1157.07,15.49,15.51,427.21,101.12,107.83,0.001907,0.13,510.7,0,0.26,4912.9,0.001907,0.18,1879.2,113.91,-19.26,34.6,-1.5,11.84,-145.92
5/20/2018 9:22,20/05/2018,9:22:09,33680,120,2.48,-7.3,-11.21,-3.39,-5.34,-6.32,-1.43,0,0,0,0,0,0,47.73,44.73,134.63,345.58,196.63,108.31,26.61,17.88,2.48,0.52,4.43,1145.75,15.49,15.51,436.7,101.12,103.93,0,0.12,510,0.004768,0.26,4905.8,0,0.19,1883.5,113.91,-19.26,34.6,-1.49,11.84,-153.51
5/20/2018 9:24,20/05/2018,9:24:10,33800,120,1.5,-7.3,-11.21,-3.39,-5.83,-6.32,-1.43,0,0,0,0,0,0,47.73,44.73,150.32,345.58,208.4,104.39,26.61,19.14,2.48,0.52,4.43,1168.39,15.49,15.49,427.21,101.12,103.93,0.001907,0.12,511.1,-0.000954,0.26,4903.6,-0.000954,0.18,1885.1,113.3,-19.64,34.45,-0.88,12.23,-160.96
5/20/2018 9:26,20/05/2018,9:26:09,33920,120,0.52,-7.3,-11.21,-3.39,-6.32,-6.81,-1.43,0,0,0,0,0,0,47.73,44.73,130.71,345.58,204.47,112.23,26.61,17.88,2.48,0.52,4.43,1145.75,15.65,15.49,427.21,101.12,103.93,-0.000954,0.12,512.8,0,0.26,4902,-0.002861,0.18,1889.1,113.27,-19.67,34.44,-0.86,12.26,-168.54
5/20/2018 9:28,20/05/2018,9:28:10,34040,120,-0.46,-7.3,-11.21,-5.34,-6.32,-6.81,-1.43,0,0,0,0,0,0,47.73,44.73,162.08,345.58,220.16,112.23,26.61,17.88,2.48,0.52,4.43,1179.71,15.49,15.49,446.19,101.12,107.83,0.003815,0.12,515.3,0.005722,0.26,4901.1,-0.001907,0.18,1891.2,113.26,-19.69,34.4,-0.84,12.28,-176.1
5/20/2018 9:30,20/05/2018,9:30:10,34160,120,-1.43,-7.3,-11.21,-5.34,-6.81,-7.3,-1.43,0,0,0,0,0,0,47.73,44.73,130.71,345.58,204.47,104.39,26.61,17.88,3.94,3.45,4.43,1134.42,15.49,15.49,417.72,101.12,103.93,-0.002861,0.13,516.6,0,0.26,4900.2,0.000954,0.18,1896.1,113.23,-19.75,34.39,-0.81,12.33,176.32
5/20/2018 9:32,20/05/2018,9:32:09,34280,120,-1.92,-8.27,-11.21,-7.3,-7.3,-7.3,-1.43,0,0,0,0,0,0,47.73,44.73,142.48,345.58,208.4,104.39,26.61,19.14,2.48,0.52,4.43,1168.39,15.49,15.46,427.21,101.12,103.93,0.003815,0.13,518.6,-0.003815,0.26,4902.7,-0.001907,0.18,1897.3,113.21,-19.77,34.38,-0.79,12.35,168.74
5/20/2018 9:34,20/05/2018,9:34:10,34400,120,-2.9,-8.76,-11.21,-7.3,-7.3,-7.3,-1.43,0,0,0,0,0,0,47.73,44.73,130.71,345.58,200.55,104.39,26.61,17.88,2.48,0.52,2.48,1134.42,15.49,15.46,427.21,101.12,107.83,-0.004768,0.12,523.3,0.001907,0.26,4903.5,-0.002861,0.18,1899.5,113.17,-19.79,34.34,-0.75,12.37,161.19
5/20/2018 9:36,20/05/2018,9:36:09,34520,120,-3.39,-8.76,-11.21,-9.25,-7.3,-8.27,-1.43,0,0,0,0,0,0,47.73,44.73,138.55,347.53,208.4,104.39,26.61,17.88,0.52,0.52,2.48,1145.75,15.49,15.44,427.21,101.12,103.93,0.001907,0.12,524.7,-0.000954,0.26,4904.8,0,0.18,1901.9,113.15,-19.82,34.33,-0.73,12.4,153.61
5/20/2018 9:38,20/05/2018,9:38:09,34640,120,-3.88,-9.25,-11.21,-9.25,-7.3,-8.76,-3.39,0,0,0,0,0,0,43.8,44.73,130.71,347.53,204.47,104.39,26.61,17.88,0.52,0.52,2.48,1145.75,15.49,15.44,417.72,101.12,105.88,0.001907,0.13,530.5,-0.003815,0.26,4904.6,-0.000954,0.18,1904.4,113.11,-19.82,34.33,-0.68,12.41,146.01
5/20/2018 9:40,20/05/2018,9:40:10,34760,120,-4.36,-9.25,-11.21,-9.25,-8.27,-9.25,-3.39,0,0,0,0,0,0,47.73,44.73,134.63,347.53,196.63,112.23,26.61,19.14,0.52,0.52,1.01,1134.42,15.49,15.42,417.72,101.12,103.93,0.005722,0.12,533.9,0.000954,0.26,4903.3,0.002861,0.18,1909.4,113.06,-19.85,34.31,-0.63,12.44,138.44
5/20/2018 9:42,20/05/2018,9:42:09,34880,120,-5.34,-9.74,-11.21,-11.21,-8.27,-9.25,-3.39,0,0,0,0,0,0,47.73,44.73,154.24,347.53,196.63,104.39,26.61,19.14,0.52,-1.43,1.01,1157.07,15.63,15.42,427.21,101.12,103.93,-0.007629,0.13,539.8,-0.002861,0.26,4903.3,0,0.18,1913.7,113.02,-19.89,34.28,-0.59,12.47,130.88
5/20/2018 9:44,20/05/2018,9:44:10,35000,120,-5.83,-9.74,-11.21,-9.25,-8.76,-9.74,-3.39,0,0,0,0,0,0,47.73,44.73,126.79,347.53,208.4,108.31,26.61,19.14,0.52,-1.43,0.52,1134.42,15.49,15.42,427.21,101.12,103.93,-0.000954,0.13,539.8,0.000954,0.26,4902.7,0,0.19,1916.7,113.01,-19.91,34.25,-0.58,12.5,123.31
5/20/2018 9:46,20/05/2018,9:46:10,35120,120,-6.32,-10.23,-11.21,-11.21,-8.76,-10.23,-3.39,0,0,0,0,0,0,47.73,44.73,158.16,347.53,200.55,112.23,26.61,19.14,-1.43,-3.39,0.52,1168.39,15.49,15.39,427.21,101.12,103.93,-0.000954,0.12,537.4,-0.002861,0.26,4903.8,0.000954,0.18,1921.2,112.99,-19.96,34.24,-0.56,12.54,115.73
5/20/2018 9:48,20/05/2018,9:48:09,35240,120,-6.81,-10.23,-13.16,-11.21,-9.25,-10.72,-3.39,259.93,0,0,95.51,4.43,0,47.73,44.73,126.79,335.82,208.4,104.39,26.61,19.14,-1.43,-3.39,0.52,1134.42,15.87,15.89,-360.5,101.12,103.93,0.001907,0.13,537.5,0.000954,0.26,4906.9,-0.003815,0.18,1923.5,112.99,-19.99,34.2,-0.56,12.57,108.18
5/20/2018 9:50,20/05/2018,9:50:10,35360,120,-6.81,-10.23,-13.16,-11.21,-9.25,-10.72,-3.39,277.66,0,0,101.41,4.43,0,43.8,44.73,142.48,333.87,204.47,104.39,26.61,19.14,-1.43,0.52,0.52,1111.78,16.06,16.06,-379.49,101.12,107.83,-0.000954,0.13,539.6,0,0.26,4908,-0.000954,0.19,1926.1,112.98,-20.02,34.17,-0.54,12.6,100.61
5/20/2018 9:52,20/05/2018,9:52:09,35480,120,-6.32,-10.72,-15.12,-7.79,-9.25,-11.21,-3.39,279.63,0,0,103.38,4.92,0,43.8,44.73,126.79,333.87,204.47,108.31,26.61,19.14,-1.43,0.52,0.52,1123.1,16.06,16.06,-341.52,101.12,105.88,0.003815,0.13,541.7,-0.003815,0.26,4909.6,0.000954,0.19,1927.1,112.96,-20.04,34.16,-0.52,12.63,93.03
5/20/2018 9:54,20/05/2018,9:54:09,35600,120,-5.34,-10.72,-15.12,-9.25,-9.25,-11.21,-5.34,283.07,0,0.49,106.83,9.35,0,47.73,44.73,134.63,333.87,212.32,104.39,26.61,19.14,-1.43,0.52,0.52,1134.42,16.06,16.06,-370,101.12,107.83,0.001907,0.12,543.7,0.001907,0.26,4910.2,-0.000954,0.19,1931.4,112.94,-20.09,34.16,-0.5,12.68,85.44
5/20/2018 9:56,20/05/2018,9:56:10,35720,120,-4.36,-11.21,-15.12,-7.3,-9.25,-11.21,-5.34,285.53,1.48,2.46,112.74,23.63,0,47.73,44.73,126.79,333.87,208.4,108.31,26.61,19.14,-1.43,0.52,0.52,1123.1,16.06,16.06,-322.54,101.12,107.83,0.001907,0.12,547.8,0.003815,0.26,4909,0,0.19,1932.5,112.94,-20.14,34.13,-0.51,12.72,77.88
5/20/2018 9:58,20/05/2018,9:58:09,35840,120,-3.39,-11.21,-11.7,-7.3,-9.74,-11.21,-3.88,284.55,9.85,5.42,123.57,44.8,0,47.73,44.73,134.63,333.87,208.4,112.23,26.61,19.14,-1.43,2.48,0.52,1134.42,16.06,16.06,-322.54,101.12,107.83,0.000954,0.13,555.4,0.000954,0.26,4905.2,0.000954,0.19,1934,112.93,-20.15,34.09,-0.49,12.73,70.32
5/20/2018 10:00,20/05/2018,10:00:10,35960,120,-2.9,-11.21,-15.12,-5.34,-8.27,-12.18,-5.34,282.09,23.14,8.86,132.43,62.03,0,47.73,44.73,126.79,333.87,204.47,108.31,26.61,19.14,-1.43,0.52,0.52,1111.78,16.06,16.06,-246.62,101.12,107.83,0.000954,0.13,561.1,-0.001907,0.26,4900.1,0,0.19,1939.3,112.9,-20.18,34.07,-0.46,12.77,62.75
5/20/2018 10:02,20/05/2018,10:02:19,36090,130,-1.92,-11.21,-15.12,-3.39,-7.3,-12.18,-5.34,277.66,41.85,12.8,139.81,69.91,0.49,47.73,44.73,130.71,335.82,212.32,104.39,26.61,19.14,-1.43,2.48,0.52,1134.42,16.06,16.06,-313.05,101.12,103.93,0.005722,0.13,568.8,0.000954,0.26,4891.9,0.001907,0.19,1943.1,112.87,-20.21,34.03,-0.43,12.8,54.56
5/20/2018 10:14,20/05/2018,10:14:20,36810,720,1.01,-9.74,-11.21,0.52,-5.83,-11.21,-5.34,272.73,50.21,14.28,126.52,30.03,12.31,47.73,44.73,126.79,333.87,200.55,108.31,26.61,19.14,-1.43,0.52,1.01,1123.1,16.06,16.06,-218.15,101.12,107.83,-0.003815,0.13,593.8,0.002861,0.26,4869.7,0,0.19,1968.3,112.75,-20.22,33.91,-0.3,12.81,9.12
5/20/2018 10:16,20/05/2018,10:16:20,36930,120,1.5,-9.25,-11.21,0.52,-5.83,-11.21,-3.39,272.73,65.97,18.22,131.94,25.6,18.71,47.73,44.73,134.63,333.87,204.47,112.23,26.61,19.14,-1.43,0.52,1.01,1134.42,16.06,16.06,-180.19,101.12,107.83,0,0.13,593.2,0.002861,0.26,4870.5,0.001907,0.19,1972.2,112.74,-20.24,33.88,-0.29,12.83,1.56
5/20/2018 10:18,20/05/2018,10:18:19,37050,120,1.99,-9.25,-11.21,2.48,-5.83,-10.72,-3.39,272.73,69.91,17.23,130.46,21.17,25.11,47.73,44.73,134.63,333.87,204.47,108.31,26.61,19.14,-1.43,2.48,1.5,1134.42,16.06,16.06,-246.62,101.12,107.83,-0.002861,0.13,594,0.001907,0.26,4873.3,0,0.19,1974,112.74,-20.24,33.88,-0.28,12.83,-6.02
5/20/2018 10:20,20/05/2018,10:20:20,37170,120,2.48,-8.76,-11.21,0.52,-5.83,-10.23,-3.39,272.73,69.91,16.25,128.98,14.77,30.52,47.73,44.73,134.63,333.87,208.4,108.31,26.61,19.14,-1.43,0.52,1.5,1134.42,16.06,16.06,-218.15,101.12,107.83,0.002861,0.13,597,-0.000954,0.26,4875,0,0.19,1973.9,112.74,-20.24,33.88,-0.28,12.83,-13.62
5/20/2018 10:22,20/05/2018,10:22:19,37290,120,2.48,-8.76,-11.21,2.48,-5.34,-9.74,-3.39,272.24,45.29,13.29,121.11,10.83,30.03,47.73,44.73,150.32,333.87,196.63,112.23,26.61,19.14,0.52,2.48,2.48,1134.42,16.06,16.06,-237.13,101.12,107.83,-0.001907,0.13,601.1,-0.002861,0.26,4876,0,0.19,1974.7,112.74,-20.24,33.88,-0.28,12.83,-21.21
5/20/2018 10:24,20/05/2018,10:24:19,37410,120,2.97,-8.76,-11.21,4.43,-5.34,-9.25,-3.39,272.73,32.98,11.32,118.15,7.38,27.08,47.73,44.73,134.63,333.87,208.4,104.39,26.61,19.14,0.52,2.48,2.48,1134.42,16.2,16.06,-208.66,101.12,107.83,-0.001907,0.13,604.4,0.001907,0.26,4875.2,0.000954,0.19,1975.8,112.74,-20.24,33.88,-0.28,12.83,-28.8
5/20/2018 10:26,20/05/2018,10:26:20,37530,120,2.97,-7.3,-11.21,4.43,-5.34,-8.76,-3.39,272.73,27.08,10.34,115.69,6.4,23.63,47.73,44.73,134.63,333.87,216.24,112.23,26.61,19.14,0.52,4.43,2.48,1134.42,16.06,16.06,-218.15,101.12,107.83,-0.006676,0.13,603.2,0.004768,0.26,4874.9,0.000954,0.19,1978,112.74,-20.24,33.88,-0.28,12.83,-36.4
5/20/2018 10:28,20/05/2018,10:28:19,37650,120,3.45,-7.3,-11.21,4.43,-5.34,-8.76,-3.39,272.73,25.6,9.35,116.18,5.91,21.66,47.73,44.73,130.71,333.87,200.55,112.23,26.61,19.14,0.52,4.43,2.48,1123.1,16.06,16.06,-208.66,101.12,105.88,-0.001907,0.13,605.2,-0.000954,0.26,4875,0.000954,0.19,1982,112.74,-20.24,33.88,-0.27,12.83,-43.99
5/20/2018 10:30,20/05/2018,10:30:20,37770,120,4.43,-7.3,-11.21,4.43,-5.34,-7.3,-3.39,273.72,38.4,13.29,120.12,4.43,36.92,47.73,44.73,134.63,333.87,196.63,104.39,26.61,19.14,0.52,4.43,4.43,1123.1,16.06,16.06,-208.66,101.12,105.88,-0.004768,0.13,606.2,-0.000954,0.26,4875.7,-0.000954,0.19,1983.5,112.74,-20.24,33.88,-0.27,12.83,-51.58
5/20/2018 10:31,20/05/2018,10:31:40,37850,80,4.43,-7.3,-11.21,4.43,-5.34,-7.3,-3.39,275.69,25.6,15.26,116.68,4.43,48.74,47.73,44.73,134.63,333.87,204.47,108.31,26.61,19.14,0.52,4.43,4.43,1123.1,16.06,16.06,-189.68,101.12,103.93,0.001907,0.13,605.3,-0.000954,0.26,4877.4,0,0.19,1985.6,112.74,-20.24,33.88,-0.27,12.83,-56.64
5/20/2018 10:33,20/05/2018,10:33:39,37970,120,4.43,-7.3,-11.21,4.43,-5.34,-7.3,-3.39,277.66,24.12,12.31,112.74,3.94,33.48,47.73,44.73,134.63,333.87,204.47,112.23,26.61,19.14,0.52,4.43,4.43,1134.42,16.06,16.06,-218.15,101.12,107.83,0.001907,0.13,608.6,-0.001907,0.26,4879.3,0,0.19,1985.1,112.74,-20.24,33.88,-0.27,12.83,-64.24
5/20/2018 10:35,20/05/2018,10:35:40,38090,120,4.92,-7.3,-11.21,4.43,-5.34,-6.81,-1.43,278.15,18.71,18.71,115.2,3.94,51.2,47.73,44.73,150.32,333.87,208.4,104.39,26.61,19.14,2.48,4.43,4.43,1145.75,16.06,16.06,-199.17,101.12,107.83,0.001907,0.13,609.7,-0.001907,0.26,4879,-0.001907,0.19,1986.4,112.74,-20.24,33.88,-0.27,12.83,-71.83
5/20/2018 10:37,20/05/2018,10:37:40,38210,120,4.92,-7.3,-11.21,4.43,-5.34,-6.32,-1.43,280.61,7.88,12.31,111.75,3.94,32.49,47.73,44.73,134.63,333.87,196.63,104.39,26.61,19.14,2.48,4.43,4.43,1123.1,16.06,16.06,-142.22,101.12,107.83,-0.006676,0.13,613.2,-0.000954,0.26,4878.8,-0.000954,0.19,1988.9,112.74,-20.24,33.88,-0.27,12.83,-79.42
5/20/2018 10:39,20/05/2018,10:39:39,38330,120,5.41,-7.3,-11.21,5.9,-5.34,-6.32,-1.43,278.15,2.46,5.91,109.29,4.43,19.2,47.73,44.73,134.63,335.82,196.63,108.31,27.59,19.14,2.48,4.43,4.43,1123.1,16.06,16.06,-180.19,101.12,105.88,-0.004768,0.13,617.7,-0.003815,0.26,4878.3,0,0.19,1991.8,112.74,-20.24,33.88,-0.27,12.83,-87.02
5/20/2018 10:41,20/05/2018,10:41:40,38450,120,5.9,-7.3,-9.25,4.43,-5.34,-6.32,-1.43,276.18,0,1.97,107.32,3.94,8.86,47.73,44.73,126.79,335.82,212.32,104.39,26.61,17.88,2.48,4.43,4.43,1134.42,16.06,16.06,-189.68,101.12,107.83,0.001907,0.13,617.7,-0.001907,0.26,4875.5,-0.001907,0.19,1993.9,112.74,-20.24,33.88,-0.27,12.83,-94.61
5/20/2018 10:43,20/05/2018,10:43:39,38570,120,6.39,-7.3,-9.25,4.43,-5.34,-6.32,-1.43,273.72,0,0.49,105.84,4.43,2.46,47.73,44.73,126.79,335.82,204.47,108.31,26.61,19.14,2.48,4.43,4.43,1123.1,16.06,16.06,-151.71,101.12,107.83,0.000954,0.13,625.1,-0.000954,0.26,4873.6,-0.000954,0.19,1998.5,112.74,-20.24,33.88,-0.26,12.83,-102.2
5/20/2018 10:45,20/05/2018,10:45:39,38690,120,6.39,-7.3,-7.79,4.43,-5.83,-6.32,0.03,270.77,0,0,104.37,4.43,0.49,47.73,44.73,134.63,335.82,212.32,108.31,26.61,19.14,2.48,4.43,4.43,1134.42,16.06,16.06,-170.69,101.12,105.88,0.000954,0.13,628.6,0.001907,0.26,4871.1,0,0.19,2000.1,112.74,-20.24,33.88,-0.26,12.83,-109.79
5/20/2018 10:47,20/05/2018,10:47:40,38810,120,6.39,-7.3,-9.25,4.43,-5.34,-6.32,-1.43,269.78,0,0,103.88,4.43,0,47.73,44.73,134.63,333.87,212.32,104.39,26.61,19.14,2.48,4.43,4.43,1134.42,16.06,16.06,-151.71,101.12,107.83,0.000954,0.13,630.3,-0.000954,0.26,4868.4,-0.000954,0.19,2003.6,112.74,-20.24,33.88,-0.26,12.83,-117.39
5/20/2018 10:49,20/05/2018,10:49:39,38930,120,6.39,-7.3,-11.21,4.43,-5.34,-6.32,-1.43,0,0,0,0,0,0,47.73,44.73,130.71,343.63,204.47,112.23,26.61,17.88,2.48,4.43,4.43,1145.75,15.68,15.58,427.21,101.12,103.93,0.000954,0.13,638,-0.000954,0.26,4863.2,0.001907,0.19,2005.5,112.74,-20.24,33.88,-0.26,12.83,-124.98
5/20/2018 10:51,20/05/2018,10:51:40,39050,120,5.9,-7.3,-11.21,0.52,-5.34,-6.32,-1.43,0,0,0,0,0,0,47.73,44.73,138.55,345.58,204.47,108.31,26.61,17.88,2.48,2.48,4.43,1145.75,15.49,15.56,427.21,101.12,103.93,-0.001907,0.13,640.8,0,0.26,4857.8,0.002861,0.19,2007.5,112.74,-20.24,33.88,-0.26,12.83,-132.57
5/20/2018 10:53,20/05/2018,10:53:40,39170,120,4.43,-7.3,-11.21,0.52,-5.83,-6.32,-1.43,0,0,0,0,0,0,686.96,77.9,138.55,351.43,212.32,104.39,26.61,19.14,2.48,2.48,4.43,1938.33,15.2,15.3,702.43,101.12,103.93,0.003815,0.13,643.9,-0.001907,0.26,4849.9,0,0.19,2010.7,112.74,-20.24,33.88,-0.26,12.83,-140.17
5/20/2018 10:55,20/05/2018,10:55:39,39290,120,2.97,-7.3,-11.21,0.03,-5.83,-6.81,-1.43,0,0,0,0,0,0,683.04,77.9,142.48,351.43,204.47,108.31,26.61,17.88,2.48,0.52,4.43,1927,15.2,15.3,702.43,101.12,103.93,0.000954,0.13,647.7,-0.002861,0.25,4841.7,-0.000954,0.19,2015.4,112.74,-20.24,33.88,-0.26,12.83,-147.76
5/20/2018 10:57,20/05/2018,10:57:40,39410,120,1.99,-7.3,-11.21,-3.39,-6.32,-6.81,-1.43,0,0,0,0,0,0,683.04,77.9,142.48,351.43,212.32,112.23,26.61,19.14,2.48,0.52,4.43,1938.33,15.2,15.25,702.43,101.12,103.93,0.001907,0.13,648.8,0.001907,0.26,4837.2,0.001907,0.19,2019.1,112.74,-20.24,33.88,-0.25,12.83,-155.35
5/20/2018 10:59,20/05/2018,10:59:39,39530,120,0.52,-8.27,-11.21,-3.39,-6.81,-6.81,-1.43,0,0,0,0,0,0,683.04,77.9,158.16,353.38,208.4,108.31,26.61,19.14,2.48,0.52,4.43,1949.65,15.2,15.22,702.43,101.12,103.93,0.003815,0.13,650.3,-0.002861,0.26,4832.2,-0.000954,0.19,2024.5,112.24,-20.58,33.66,0.24,13.16,-162.73
5/20/2018 11:01,20/05/2018,11:01:39,39650,120,0.52,-8.27,-7.79,-5.34,-7.3,-7.3,0.03,0,0,0,0,0,0,683.04,77.9,130.71,353.38,208.4,116.15,26.61,17.88,2.48,0.52,4.43,1938.33,15.2,15.22,692.94,101.12,103.93,0.000954,0.13,653.5,0.001907,0.25,4830.1,0.002861,0.19,2026.9,112.23,-20.58,33.62,0.25,13.17,-170.28
5/20/2018 11:03,20/05/2018,11:03:40,39770,120,-1.43,-8.76,-11.21,-7.3,-7.3,-7.3,-1.43,0,0,0,0,0,0,686.96,77.9,166.01,353.38,196.63,112.23,26.61,17.88,2.48,0.52,4.43,1949.65,15.2,15.2,702.43,101.12,103.93,-0.004768,0.13,653.2,-0.000954,0.26,4830.5,0.000954,0.19,2033.8,112.21,-20.64,33.61,0.27,13.23,-177.86
5/20/2018 11:05,20/05/2018,11:05:39,39890,120,-1.92,-8.76,-11.21,-7.3,-7.3,-7.3,-1.43,0,0,0,0,0,0,686.96,77.9,134.63,353.38,208.4,108.31,26.61,19.14,2.48,0.52,4.43,1927,15.2,15.2,692.94,101.12,103.93,0,0.13,653.3,0.002861,0.26,4832.1,-0.000954,0.19,2037.2,112.19,-20.65,33.59,0.29,13.24,174.56
5/20/2018 11:07,20/05/2018,11:07:40,40010,120,-2.41,-8.76,-11.21,-7.3,-7.3,-7.3,-1.43,0,0,0,0,0,0,686.96,77.9,134.63,353.38,204.47,104.39,26.61,17.88,2.48,0.52,4.43,1915.68,15.2,15.18,683.45,101.12,103.93,0.001907,0.13,656,-0.003815,0.25,4834.7,-0.003815,0.19,2039.6,112.16,-20.67,33.58,0.32,13.25,166.98
5/20/2018 11:09,20/05/2018,11:09:40,40130,120,-3.39,-9.25,-11.21,-9.25,-7.3,-8.27,-1.43,0,0,0,0,0,0,686.96,77.9,134.63,355.33,208.4,112.23,26.61,17.88,2.48,0.52,2.48,1938.33,15.1,15.15,692.94,101.12,107.83,0.000954,0.13,657.9,0,0.25,4835.3,0.001907,0.19,2042.1,112.14,-20.69,33.56,0.35,13.27,159.4
5/20/2018 11:11,20/05/2018,11:11:39,40250,120,-3.39,-9.25,-11.21,-7.79,-8.27,-8.76,-3.39,0,0,0,0,0,0,686.96,77.9,142.48,353.38,216.24,112.23,26.61,17.88,0.52,0.52,2.48,1949.65,15.1,15.15,692.94,101.12,103.93,0.003815,0.13,661.5,0.001907,0.26,4838.2,0.001907,0.19,2043.9,112.11,-20.7,33.55,0.38,13.29,151.83
5/20/2018 11:13,20/05/2018,11:13:40,40370,120,-4.36,-9.25,-11.21,-9.25,-8.76,-9.25,-3.39,0,0,0,0,0,0,690.88,77.9,134.63,353.38,212.32,108.31,26.61,19.14,0.52,0.52,1.5,1938.33,15.1,15.13,692.94,101.12,103.93,0,0.13,663.9,0.002861,0.26,4836.9,0.000954,0.19,2046.5,112.1,-20.74,33.52,0.39,13.33,144.26
5/20/2018 11:15,20/05/2018,11:15:39,40490,120,-4.85,-9.74,-11.21,-11.21,-8.76,-9.25,-3.39,0,0,0,0,0,0,686.96,77.9,134.63,355.33,208.4,112.23,26.61,19.14,0.52,0.52,1.01,1938.33,15.1,15.13,702.43,101.12,103.93,0.001907,0.13,667.2,-0.001907,0.26,4837.3,0.002861,0.19,2048.7,112.05,-20.74,33.51,0.44,13.33,136.68
5/20/2018 11:17,20/05/2018,11:17:40,40610,120,-5.83,-10.23,-10.23,-11.21,-9.74,-9.74,-1.92,0,0,0,0,0,0,690.88,77.9,134.63,355.33,212.32,108.31,26.61,19.14,-0.46,-1.43,1.01,1938.33,15.1,15.1,692.94,101.12,103.93,0.000954,0.13,670.3,0.002861,0.26,4836,-0.000954,0.19,2052.4,112,-20.76,33.48,0.49,13.34,129.11
5/20/2018 11:19,20/05/2018,11:19:40,40730,120,-6.32,-10.23,-13.16,-11.21,-9.25,-10.23,-3.39,0,0,0,0,0,0,690.88,77.9,134.63,355.33,212.32,112.23,26.61,19.14,-1.43,-1.43,0.52,1938.33,15.1,15.1,692.94,101.12,103.93,0.003815,0.13,672.1,0.005722,0.26,4836.7,-0.000954,0.19,2055.6,111.97,-20.79,33.46,0.52,13.38,121.54
5/20/2018 11:21,20/05/2018,11:21:39,40850,120,-6.81,-10.23,-15.12,-11.21,-9.74,-10.23,-3.39,0,0,0,0,0,0,690.88,77.9,162.08,355.33,204.47,104.39,26.61,17.88,-1.43,-3.39,0.52,1960.97,15.1,15.1,702.43,101.12,103.93,0,0.12,672.9,0.001907,0.26,4836.6,-0.001907,0.19,2058.4,111.93,-20.83,33.45,0.56,13.42,113.96
5/20/2018 11:23,20/05/2018,11:23:40,40970,120,-7.3,-10.72,-15.12,-11.21,-9.74,-10.72,-3.39,274.7,0,0,102.89,4.43,0,663.43,75.95,126.79,339.73,208.4,104.39,26.61,19.14,-1.43,0.52,0.52,1881.71,15.68,15.73,-170.69,101.12,103.93,0,0.13,679.2,0,0.25,4838.5,-0.000954,0.19,2058,111.92,-20.85,33.43,0.58,13.44,106.38
5/20/2018 11:25,20/05/2018,11:25:39,41090,120,-6.81,-10.72,-15.12,-11.21,-9.74,-11.21,-3.39,277.66,0,0,103.88,3.94,0,663.43,75.95,158.16,339.73,208.4,108.31,26.61,19.14,-1.43,0.52,0.52,1915.68,15.87,15.77,-170.69,101.12,107.83,0,0.13,681.2,0,0.26,4841.1,-0.000954,0.19,2061.7,111.89,-20.92,33.42,0.61,13.51,98.8
5/20/2018 11:27,20/05/2018,11:27:39,41210,120,-6.32,-11.21,-15.12,-7.79,-9.74,-11.21,-3.39,280.12,0,0,106.34,4.92,0,659.51,75.95,130.71,337.78,204.47,108.31,27.59,17.88,-1.43,2.48,0.52,1870.39,15.87,15.82,-199.17,101.12,105.88,-0.002861,0.13,685.3,0.000954,0.26,4845,-0.000954,0.19,2059.9,111.91,-20.92,33.39,0.59,13.51,91.24
5/20/2018 11:29,20/05/2018,11:29:40,41330,120,-5.34,-11.21,-15.12,-7.3,-9.74,-11.21,-5.34,283.56,0,0.98,110.28,11.32,0,659.51,75.95,142.48,337.78,208.4,112.23,26.61,19.14,-1.43,4.43,0.52,1904.36,15.87,15.87,-208.66,101.12,103.93,-0.000954,0.13,692.8,0.001907,0.26,4845.5,0.002861,0.19,2058.2,111.9,-20.94,33.36,0.6,13.53,83.67
5/20/2018 11:31,20/05/2018,11:31:39,41450,120,-4.36,-11.21,-15.12,-7.3,-9.74,-11.21,-5.34,285.53,3.45,2.95,117.66,29.54,0,659.51,75.95,126.79,335.82,208.4,112.23,26.61,19.14,-1.43,4.43,0.52,1893.04,15.87,15.89,-256.11,101.12,107.83,0.003815,0.13,701.7,-0.002861,0.26,4844.1,0.001907,0.2,2061.1,111.88,-20.96,33.34,0.63,13.55,76.1
5/20/2018 11:33,20/05/2018,11:33:40,41570,120,-3.39,-11.21,-12.18,-5.34,-9.74,-12.18,-3.88,283.56,12.8,5.91,128.98,48.74,0,655.59,75.95,134.63,335.82,204.47,108.31,26.61,19.14,-1.43,4.43,0.52,1870.39,15.97,15.97,-322.54,101.12,107.83,0.001907,0.14,713.3,-0.003815,0.25,4839.9,-0.001907,0.19,2064.9,111.86,-21,33.33,0.65,13.59,68.52
5/20/2018 11:35,20/05/2018,11:35:40,41690,120,-2.9,-11.21,-13.16,-3.39,-9.25,-12.18,-5.34,280.12,28.55,9.85,137.84,63.51,0.49,655.59,75.95,126.79,335.82,208.4,104.39,26.61,19.14,-1.43,4.43,0.52,1870.39,16.06,15.99,-341.52,101.12,107.83,0,0.13,721,0.001907,0.25,4832.6,0.001907,0.19,2069.5,111.84,-21.02,33.3,0.67,13.61,60.96
5/20/2018 11:45,20/05/2018,11:45:40,42290,600,0.52,-10.72,-13.16,0.52,-7.3,-11.21,-5.34,272.24,44.31,10.83,134.4,29.54,8.37,655.59,75.95,126.79,335.82,204.47,112.23,26.61,19.14,-1.43,4.43,1.01,1859.07,16.06,16.06,-303.56,103.07,107.83,-0.000954,0.13,749.2,0,0.25,4801.2,-0.000954,0.19,2106.8,111.72,-21.15,33.23,0.79,13.74,23.06
5/20/2018 11:47,20/05/2018,11:47:39,42410,120,0.52,-10.23,-13.16,0.52,-6.81,-11.21,-3.39,272.24,61.05,11.32,145.72,33.97,11.32,655.59,75.95,134.63,335.82,212.32,112.23,26.61,19.14,-1.43,4.43,1.5,1893.04,16.06,16.06,-303.56,101.12,107.83,0.005722,0.13,750.8,-0.000954,0.25,4799.7,0,0.2,2113,111.71,-21.17,33.2,0.81,13.75,15.5
5/20/2018 11:49,20/05/2018,11:49:40,42530,120,1.01,-9.74,-13.16,0.52,-6.81,-11.21,-3.39,272.24,78.28,12.8,141.78,22.15,20.18,655.59,75.95,126.79,335.82,208.4,116.15,26.61,19.14,-1.43,4.43,2.48,1870.39,16.06,16.06,-294.07,101.12,107.83,0,0.14,752.4,0.000954,0.26,4799.3,0.003815,0.2,2117,111.68,-21.16,33.2,0.83,13.75,7.91
5/20/2018 11:51,20/05/2018,11:51:40,42650,120,1.01,-9.74,-13.16,0.52,-6.32,-10.72,-3.39,272.24,45.29,11.32,123.08,11.82,21.66,655.59,75.95,134.63,335.82,204.47,108.31,26.61,19.14,-1.43,4.43,2.48,1881.71,16.06,15.99,-265.6,101.12,107.83,-0.001907,0.13,752.4,0.001907,0.25,4800.2,-0.000954,0.19,2120.3,111.68,-21.17,33.17,0.84,13.76,0.35
5/20/2018 11:53,20/05/2018,11:53:39,42770,120,1.5,-9.25,-13.16,0.52,-6.32,-10.23,-3.39,272.24,42.83,9.85,122.09,12.8,15.26,655.59,75.95,134.63,335.82,212.32,112.23,26.61,19.14,-1.43,4.43,2.48,1870.39,16.06,16.06,-275.09,101.12,107.83,0.003815,0.14,754.3,-0.001907,0.25,4804,0.001907,0.19,2120.1,111.71,-21.19,33.17,0.81,13.78,-7.25
5/20/2018 11:55,20/05/2018,11:55:40,42890,120,1.99,-9.25,-11.21,2.48,-6.32,-10.23,-3.39,272.24,45.29,12.31,122.09,11.32,21.17,47.73,44.73,134.63,333.87,208.4,112.23,26.61,19.14,-1.43,4.43,2.48,1134.42,16.06,16.06,-275.09,101.12,107.83,0,0.14,757.5,0.001907,0.25,4804.1,0.001907,0.2,2123,111.71,-21.19,33.17,0.81,13.78,-14.84
5/20/2018 11:57,20/05/2018,11:57:00,42970,80,2.48,-8.76,-11.21,2.48,-6.32,-9.74,-3.39,272.24,55.14,14.77,125.04,9.35,23.14,47.73,44.73,134.63,333.87,212.32,108.31,26.61,19.14,0.52,4.43,2.48,1145.75,16.06,16.06,-303.56,101.12,107.83,0.005722,0.13,755.2,-0.002861,0.26,4806.5,-0.000954,0.2,2123.2,111.71,-21.19,33.17,0.81,13.78,-19.91
5/20/2018 11:59,20/05/2018,11:58:59,43090,120,2.48,-8.27,-11.21,4.43,-5.83,-9.25,-3.39,272.24,46.28,15.26,123.08,5.42,31.01,47.73,44.73,126.79,333.87,196.63,108.31,26.61,19.14,0.52,4.43,2.48,1111.78,16.06,16.06,-256.11,101.12,107.83,-0.000954,0.13,756.7,-0.004768,0.26,4807.4,-0.000954,0.19,2124.2,111.71,-21.19,33.17,0.81,13.78,-27.5
5/20/2018 12:01,20/05/2018,12:01:00,43210,120,2.97,-8.27,-11.21,4.43,-5.83,-8.76,-3.39,272.24,34.46,15.26,117.66,2.95,33.97,47.73,44.73,134.63,333.87,196.63,116.15,26.61,19.14,0.52,4.43,2.48,1134.42,16.06,16.06,-284.58,101.12,107.83,-0.004768,0.13,761.6,0,0.25,4805.4,0.001907,0.2,2125.4,111.71,-21.19,33.17,0.81,13.78,-35.09
5/20/2018 12:03,20/05/2018,12:02:59,43330,120,3.45,-7.3,-11.21,4.43,-6.32,-8.27,-3.39,272.73,27.08,13.78,114.21,1.97,28.06,47.73,44.73,134.63,333.87,212.32,112.23,26.61,19.14,0.52,4.43,4.43,1145.75,16.06,16.06,-246.62,101.12,107.83,-0.004768,0.13,761.6,-0.000954,0.26,4808.2,-0.002861,0.19,2125.3,111.71,-21.19,33.17,0.81,13.78,-42.69
5/20/2018 12:05,20/05/2018,12:04:59,43450,120,3.45,-7.3,-11.21,4.43,-5.83,-7.3,-3.39,273.72,30.52,16.25,114.71,0.98,28.06,47.73,44.73,130.71,333.87,212.32,112.23,26.61,19.14,0.52,4.43,4.43,1134.42,16.06,16.06,-284.58,101.12,107.83,0.001907,0.13,762.1,0.001907,0.25,4807.6,-0.000954,0.2,2127.3,111.71,-21.19,33.17,0.82,13.78,-50.28
5/20/2018 12:07,20/05/2018,12:07:00,43570,120,4.43,-7.3,-11.21,4.43,-5.83,-7.3,-1.43,274.21,38.89,17.23,120.12,0.49,51.2,47.73,44.73,134.63,333.87,208.4,112.23,26.61,19.14,0.52,4.43,4.43,1134.42,16.06,16.06,-256.11,103.07,105.88,0.003815,0.14,765.4,-0.001907,0.25,4809,0,0.2,2127.3,111.71,-21.19,33.17,0.82,13.78,-57.87
5/20/2018 12:09,20/05/2018,12:08:59,43690,120,4.43,-7.3,-11.21,4.43,-5.83,-7.3,-1.43,277.66,28.55,15.26,122.58,0,54.15,47.73,44.73,134.63,333.87,208.4,112.23,26.61,19.14,0.52,4.43,4.43,1134.42,16.06,16.06,-237.13,101.12,107.83,0.001907,0.13,767,0,0.25,4808.8,0.001907,0.2,2128.6,111.71,-21.19,33.17,0.82,13.78,-65.46
5/20/2018 12:11,20/05/2018,12:11:00,43810,120,4.43,-7.3,-11.21,4.43,-5.83,-6.81,-1.43,279.63,12.8,12.8,118.15,0,47.26,47.73,44.73,130.71,333.87,212.32,112.23,26.61,19.14,2.48,4.43,4.43,1134.42,16.06,16.06,-237.13,101.12,103.93,-0.001907,0.13,770.1,0.004768,0.26,4810.1,0.000954,0.19,2127.3,111.71,-21.19,33.17,0.82,13.78,-73.06
5/20/2018 12:13,20/05/2018,12:13:00,43930,120,4.92,-7.3,-11.21,4.43,-5.83,-6.32,-1.43,279.63,5.42,7.88,112.74,0,28.06,43.8,44.73,130.71,333.87,204.47,112.23,26.61,19.14,2.48,4.43,4.43,1134.42,16.06,16.06,-237.13,101.12,107.83,-0.003815,0.13,774.4,0.001907,0.26,4810.2,0.000954,0.2,2133.1,111.71,-21.19,33.17,0.82,13.78,-80.65
5/20/2018 12:15,20/05/2018,12:14:59,44050,120,5.41,-7.3,-11.21,4.43,-5.83,-6.32,-1.43,278.64,1.48,4.43,111.75,0,20.68,47.73,44.73,134.63,333.87,212.32,108.31,26.61,19.14,2.48,4.43,4.43,1134.42,16.06,16.06,-237.13,101.12,105.88,0.002861,0.13,775.5,0.000954,0.26,4810.7,-0.000954,0.19,2131.8,111.71,-21.19,33.17,0.82,13.78,-88.24
5/20/2018 12:17,20/05/2018,12:17:00,44170,120,5.41,-7.3,-11.21,4.43,-5.83,-6.32,-1.43,276.67,0,1.48,109.29,0,10.34,47.73,44.73,146.4,335.82,204.47,112.23,26.61,19.14,2.48,4.43,4.43,1145.75,16.06,16.06,-199.17,101.12,105.88,0.001907,0.14,782.2,-0.002861,0.25,4809.6,0.001907,0.2,2133.8,111.71,-21.19,33.17,0.82,13.78,-95.84
5/20/2018 12:19,20/05/2018,12:18:59,44290,120,5.9,-7.3,-11.21,4.43,-5.83,-5.83,-1.43,272.73,0,0.49,106.83,0,4.43,47.73,44.73,134.63,333.87,196.63,112.23,26.61,19.14,2.48,4.43,4.43,1134.42,16.06,16.06,-237.13,101.12,107.83,0.002861,0.13,785.7,-0.003815,0.25,4808.3,0.000954,0.2,2136,111.71,-21.19,33.17,0.82,13.78,-103.43
5/20/2018 12:21,20/05/2018,12:20:59,44410,120,6.39,-7.3,-11.21,4.43,-5.83,-6.32,-1.43,270.27,0,0,105.84,0,2.46,47.73,44.73,126.79,335.82,212.32,112.23,26.61,19.14,2.48,4.43,4.43,1134.42,16.06,16.06,-180.19,101.12,107.83,-0.000954,0.14,790.6,0.003815,0.25,4805,0.000954,0.2,2136.7,111.71,-21.19,33.17,0.83,13.78,-111.02
5/20/2018 12:23,20/05/2018,12:23:00,44530,120,6.39,-7.3,-11.21,4.43,-5.83,-6.32,-1.43,269.78,0,0,105.35,0,2.46,47.73,44.73,134.63,335.82,204.47,112.23,26.61,19.14,2.48,4.43,4.43,1134.42,16.06,16.06,-199.17,105.02,107.83,-0.000954,0.13,794.3,0.000954,0.25,4802.8,0.001907,0.19,2137.5,111.71,-21.19,33.17,0.83,13.78,-118.61
5/20/2018 12:25,20/05/2018,12:24:59,44650,120,6.39,-7.3,-11.21,4.43,-5.83,-6.32,-1.43,0,0,0,0,0,0,47.73,46.68,158.16,345.58,208.4,112.23,26.61,19.14,2.48,2.48,4.43,1179.71,15.49,15.54,446.19,101.12,103.93,0.000954,0.13,803.7,0,0.25,4797.3,-0.001907,0.2,2140.6,111.71,-21.19,33.17,0.83,13.78,-126.21
5/20/2018 12:27,20/05/2018,12:27:00,44770,120,5.41,-7.3,-11.21,0.52,-5.83,-6.32,-1.43,0,0,0,0,0,0,698.73,77.9,142.48,351.43,216.24,112.23,26.61,19.14,2.48,0.52,4.43,1960.97,15.3,15.32,711.92,101.12,103.93,0.005722,0.14,809.1,-0.000954,0.25,4789.1,-0.001907,0.2,2146.8,111.71,-21.19,33.17,0.83,13.78,-133.8
5/20/2018 12:29,20/05/2018,12:29:00,44890,120,3.94,-7.3,-11.21,0.52,-5.83,-6.32,-1.43,0,0,0,0,0,0,686.96,77.9,142.48,351.43,208.4,108.31,26.61,17.88,2.48,0.52,4.43,1938.33,15.2,15.3,692.94,101.12,103.93,0.001907,0.14,813.8,0,0.25,4779.8,-0.001907,0.2,2151.4,111.71,-21.19,33.17,0.83,13.78,-141.39
5/20/2018 12:31,20/05/2018,12:30:59,45010,120,2.48,-7.3,-11.21,-3.39,-6.32,-6.81,-1.43,0,0,0,0,0,0,686.96,77.9,134.63,351.43,208.4,104.39,26.61,17.88,2.48,0.52,4.43,1915.68,15.2,15.25,692.94,101.12,103.93,0,0.13,820.8,0.000954,0.25,4770.3,-0.004768,0.2,2158.6,111.71,-21.19,33.17,0.83,13.78,-148.99
5/20/2018 12:33,20/05/2018,12:33:00,45130,120,1.5,-8.27,-11.21,-3.39,-6.81,-6.81,-1.43,0,0,0,0,0,0,686.96,79.85,142.48,353.38,208.4,112.23,26.61,19.14,2.48,0.52,4.43,1938.33,15.2,15.22,692.94,101.12,103.93,0,0.14,823,0,0.25,4763.7,-0.000954,0.19,2166.3,111.71,-21.19,33.17,0.83,13.78,-156.58
5/20/2018 12:35,20/05/2018,12:34:59,45250,120,0.52,-8.27,-11.21,-3.39,-6.81,-7.3,-1.43,0,0,0,0,0,0,686.96,77.9,134.63,353.38,212.32,112.23,26.61,17.88,2.48,0.52,4.43,1938.33,15.2,15.2,702.43,101.12,103.93,-0.002861,0.14,824.6,0.003815,0.25,4758.1,0.000954,0.19,2173.6,111.71,-21.19,33.17,0.84,13.78,-164.17
5/20/2018 12:37,20/05/2018,12:36:59,45370,120,-0.94,-8.76,-11.21,-5.34,-7.3,-7.3,-1.43,0,0,0,0,0,0,686.96,77.9,146.4,353.38,204.47,112.23,26.61,17.88,2.48,0.52,4.43,1972.3,15.2,15.18,702.43,101.12,103.93,-0.002861,0.13,827.3,-0.000954,0.25,4754.5,0.000954,0.2,2182.3,111.15,-21.58,32.88,1.4,14.16,-171.47
5/20/2018 12:39,20/05/2018,12:39:00,45490,120,-1.43,-8.76,-11.21,-5.34,-7.3,-7.3,-1.43,0,0,0,0,0,0,686.96,77.9,134.63,353.38,212.32,112.23,26.61,19.14,2.48,0.52,4.43,1938.33,15.1,15.13,683.45,103.07,103.93,0.001907,0.14,827.6,0.000954,0.25,4757.6,-0.000954,0.19,2184.4,111.14,-21.57,32.87,1.41,14.16,-179.06
5/20/2018 12:41,20/05/2018,12:40:59,45610,120,-2.41,-8.76,-11.21,-7.3,-7.3,-7.3,-1.43,0,0,0,0,0,0.49,686.96,77.9,142.48,353.38,212.32,112.23,26.61,19.14,2.48,0.52,4.43,1938.33,15.1,15.15,702.43,101.12,103.93,0.002861,0.14,829.5,-0.001907,0.25,4757.4,0.000954,0.19,2189.5,111.09,-21.59,32.86,1.46,14.18,173.36
5/20/2018 12:43,20/05/2018,12:43:00,45730,120,-2.9,-9.25,-11.21,-7.3,-8.27,-7.3,-1.43,0,0,0,0,0,0,686.96,77.9,134.63,355.33,212.32,112.23,26.61,19.14,0.52,0.52,2.48,1938.33,15.1,15.13,692.94,101.12,103.93,0.000954,0.14,834.4,0.000954,0.25,4760.6,-0.000954,0.2,2191.2,111.06,-21.59,32.83,1.49,14.18,165.79
5/20/2018 12:45,20/05/2018,12:45:09,45860,130,-3.39,-9.25,-11.21,-9.25,-8.76,-8.27,-1.43,0,0,0,0,0,0,686.96,77.9,162.08,355.33,200.55,120.08,26.61,19.14,0.52,0.52,2.48,1960.97,15.1,15.1,702.43,103.07,103.93,-0.004768,0.13,838.4,0,0.25,4761.4,0.002861,0.2,2195.1,111.01,-21.61,32.83,1.54,14.2,157.57
5/20/2018 12:47,20/05/2018,12:47:10,45980,120,-4.36,-9.25,-11.21,-9.25,-8.76,-8.76,-3.39,0,0,0,0,0,0,690.88,77.9,134.63,355.33,204.47,108.31,26.61,19.14,0.52,0.52,1.5,1927,15.1,15.1,683.45,101.12,103.93,-0.001907,0.14,841.3,0,0.25,4763,0.001907,0.2,2197.7,110.98,-21.63,32.81,1.57,14.22,150
5/20/2018 12:49,20/05/2018,12:49:09,46100,120,-4.85,-9.74,-11.21,-11.21,-9.25,-9.25,-3.39,0,0,0,0,0,0,690.88,77.9,166.01,355.33,204.47,112.23,26.61,17.88,0.52,0.52,1.01,1983.62,15.1,15.03,702.43,101.12,103.93,-0.000954,0.14,844.8,0,0.25,4762.9,-0.001907,0.2,2197.3,110.96,-21.63,32.79,1.59,14.21,142.43
5/20/2018 12:51,20/05/2018,12:51:09,46220,120,-5.34,-9.74,-13.16,-9.25,-9.25,-9.25,-3.39,0,0,0,0,0,0,690.88,77.9,134.63,355.33,216.24,112.23,26.61,19.14,0.52,0.52,1.01,1949.65,15.1,15.1,702.43,101.12,103.93,0,0.14,846.6,0.002861,0.25,4764.2,0,0.2,2198.1,110.94,-21.64,32.77,1.62,14.23,134.85
5/20/2018 12:53,20/05/2018,12:53:10,46340,120,-5.83,-10.23,-13.16,-7.79,-9.25,-9.74,-3.39,0,0,0,0,0.49,0,690.88,77.9,146.4,355.33,208.4,116.15,26.61,19.14,-1.43,-1.43,0.52,1949.65,15.1,15.06,702.43,101.12,103.93,0,0.14,848.9,0,0.25,4762.7,0.001907,0.2,2199.5,110.92,-21.66,32.75,1.64,14.24,127.28
5/20/2018 12:55,20/05/2018,12:55:09,46460,120,-6.32,-10.23,-15.12,-11.21,-9.74,-10.23,-3.39,0,0,0,0,0,0.49,690.88,77.9,134.63,355.33,212.32,116.15,26.61,19.14,-1.43,-3.39,0.52,1949.65,15.1,15.06,692.94,101.12,103.93,0,0.13,852.3,0.000954,0.25,4762,0.000954,0.2,2203.4,110.87,-21.69,32.72,1.69,14.28,119.72
5/20/2018 12:57,20/05/2018,12:57:10,46580,120,-6.81,-10.72,-15.12,-11.21,-9.74,-10.72,-3.39,0,0,0,0,0,0,690.88,79.85,142.48,355.33,204.47,112.23,26.61,19.14,-1.43,-3.39,0.52,1949.65,15.1,15.06,692.94,101.12,103.93,-0.003815,0.14,854.5,-0.001907,0.25,4765.8,0,0.2,2203.3,110.87,-21.71,32.7,1.69,14.3,112.15
5/20/2018 12:59,20/05/2018,12:59:10,46700,120,-7.3,-10.72,-11.7,-11.21,-10.72,-10.72,-3.88,275.69,0,0,105.35,0,3.45,663.43,77.9,130.71,341.68,208.4,104.39,26.61,19.14,-1.43,0.52,0.52,1893.04,15.77,15.73,-189.68,101.12,103.93,0.003815,0.14,857.7,-0.004768,0.25,4769.6,-0.001907,0.2,2203.6,110.86,-21.75,32.68,1.71,14.34,104.57
5/20/2018 13:01,20/05/2018,13:01:09,46820,120,-6.81,-11.21,-15.12,-9.25,-10.23,-11.21,-3.39,277.66,0,0,106.34,0,3.45,663.43,75.95,130.71,339.73,212.32,112.23,26.61,19.14,-1.43,0.52,0.52,1893.04,15.68,15.77,-199.17,101.12,105.88,0.000954,0.13,860.2,0.000954,0.26,4773.6,0.000954,0.2,2201.9,110.85,-21.78,32.64,1.71,14.37,97.02
5/20/2018 13:03,20/05/2018,13:03:10,46940,120,-5.83,-11.21,-15.12,-9.25,-9.74,-11.21,-5.34,280.61,0,0.49,109.29,2.46,3.45,659.51,75.95,130.71,339.73,212.32,112.23,26.61,19.14,-1.43,2.48,0.52,1893.04,15.87,15.8,-218.15,101.12,107.83,0.001907,0.14,871.6,0.000954,0.25,4773,0.000954,0.2,2204.2,110.83,-21.84,32.6,1.74,14.42,89.47
5/20/2018 13:05,20/05/2018,13:05:09,47060,120,-4.85,-11.21,-15.12,-7.3,-9.74,-11.21,-5.34,283.56,0.49,1.48,114.21,11.32,3.45,659.51,75.95,126.79,337.78,212.32,104.39,26.61,19.14,-1.43,4.43,0.52,1893.04,15.87,15.87,-237.13,101.12,107.83,0.000954,0.14,880.1,0,0.25,4773.7,0,0.2,2205,110.82,-21.86,32.57,1.74,14.44,81.9
5/20/2018 13:07,20/05/2018,13:07:09,47180,120,-4.36,-11.21,-15.12,-5.34,-9.74,-11.7,-5.34,285.53,5.42,3.45,126.52,33.48,3.45,659.51,75.95,158.16,337.78,212.32,116.15,26.61,19.14,-1.43,4.43,0.52,1915.68,15.87,15.89,-294.07,101.12,107.83,0.003815,0.14,889.2,0.000954,0.25,4769.9,0,0.2,2206.9,110.81,-21.88,32.55,1.76,14.47,74.33
